/*
SQLyog Ultimate v9.63 
MySQL - 5.5.27 : Database - edp
*********************************************************************
*/

/*!40101 SET NAMES utf8 */;

/*!40101 SET SQL_MODE=''*/;

/*!40014 SET @OLD_UNIQUE_CHECKS=@@UNIQUE_CHECKS, UNIQUE_CHECKS=0 */;
/*!40014 SET @OLD_FOREIGN_KEY_CHECKS=@@FOREIGN_KEY_CHECKS, FOREIGN_KEY_CHECKS=0 */;
/*!40101 SET @OLD_SQL_MODE=@@SQL_MODE, SQL_MODE='NO_AUTO_VALUE_ON_ZERO' */;
/*!40111 SET @OLD_SQL_NOTES=@@SQL_NOTES, SQL_NOTES=0 */;
CREATE DATABASE /*!32312 IF NOT EXISTS*/`edp` /*!40100 DEFAULT CHARACTER SET latin1 */;

USE `edp`;

/*Table structure for table `complain_online` */

DROP TABLE IF EXISTS `complain_online`;

CREATE TABLE `complain_online` (
  `id` int(100) NOT NULL AUTO_INCREMENT,
  `tanggal` date DEFAULT NULL,
  `shift` enum('1','2','3') DEFAULT NULL,
  `sc_hari` varchar(5) DEFAULT NULL,
  `kepuasan_hari` varchar(5) DEFAULT NULL,
  `sc_bulan` varchar(5) DEFAULT NULL,
  `kepuasan_bulan` varchar(5) DEFAULT NULL,
  `blm_selesai` int(5) DEFAULT NULL,
  `blm_tutup` int(5) DEFAULT NULL,
  `nama_edp` varchar(100) DEFAULT NULL,
  `keterangan` varchar(100) DEFAULT NULL,
  PRIMARY KEY (`id`)
) ENGINE=MyISAM AUTO_INCREMENT=48 DEFAULT CHARSET=latin1;

/*Data for the table `complain_online` */

insert  into `complain_online`(`id`,`tanggal`,`shift`,`sc_hari`,`kepuasan_hari`,`sc_bulan`,`kepuasan_bulan`,`blm_selesai`,`blm_tutup`,`nama_edp`,`keterangan`) values (6,'2017-03-16','3','0.08','100','0.21 ','98.19',0,0,'all EDP',''),(7,'2017-03-17','1','0.20','97.92','0.21','98.17',0,0,'Syaid, Aris dan Wahyu',''),(8,'2017-03-17','2','0.29','95','0.22','97.94',0,0,'All EDp',''),(9,'2017-03-17','3','0.29','95.00','0.22','97.94',0,0,'Akhmad Yusuf',''),(10,'2017-03-18','1','0.07','100.0','0.21','98.25',0,0,'Dika, Syaid, Ari',''),(11,'2017-03-18','3','0.11','100','0.21','98.30',0,0,'Akhmad Yusuf',''),(12,'2017-03-19','2','0.06','95.83','0.20','98.17',0,0,'Akhmad Yusuf',''),(13,'2017-03-19','3','0.06','95.83','0.20','98.17',0,0,'AW (Alan Walker)',''),(14,'2017-03-20','3','0.20','98.44','0.20','98.40',0,0,'Rai & Anwar',''),(15,'2017-03-22','1','0.12','97.78','0.20','94.83',0,0,'AY Walker',''),(16,'2017-03-21','3','0.12','100.0','0.19','98.54',0,0,'Rai & Anwar',''),(17,'2017-03-22','1','0,13','95,71','0.19','97,09',0,12,'dika','koneksi lemot'),(18,'2017-03-23','1','0.15','97.78','0.19','95.37',0,18,'Nurdin, AW, Failsa','Josssssss Oreeeeeg'),(19,'2017-03-24','2','0.32','100','0.21','98.36',0,0,'Sayyid dan Faisal','Jeng jeng jeng'),(20,'2017-03-25','3','0.15','100','0.21','98.36',0,0,'rizal aris',''),(21,'2017-03-26','2','0.17','95.83','0.20','98.34',0,0,'Yusuf Walker, Ari Ramdhani',''),(22,'2017-03-28','1','0.04','68.18','0.21','97.59',0,0,'Yusuf, Dika',''),(23,'2017-03-28','3','0.08','100','0.21','98.54',0,0,'anwar rizal',''),(24,'2017-03-29','1','0.10','81.25','0.20','97.84',0,0,'Yusuf, Dika',''),(25,'2017-03-30','1','0.16','94.74','0.20','98.53',0,0,'Yusuf, Dika, Fachri',''),(26,'2017-03-30','2','0.15','100','0.20 ','98.67',0,0,'Syaid & Faisal',''),(27,'2017-03-30','3','0.15','100','0.20','98.67',0,0,'Anwar & Wahyu',''),(28,'2017-04-01','2','0.05','100','0.10','100',0,0,'Said & Rizki',''),(29,'2017-04-01','3','0.04','100','0.10','100',0,0,'Nurdin & Wahyu',''),(31,'2017-04-03','1','0.40','62.96','0.23','86.30',0,0,'Yusuf, Fachri, Baagus, Anwar Walker',''),(32,'2017-04-04','2','0.65','35.71','0.36','77.78',0,0,'Duo AA (Aris & Ari)',''),(35,'2017-04-05','3','0.65','35.71','0.36 ','77.78',0,0,'Nurdin','josss'),(36,'2017-04-05','2','0.19','79.55','0.35','93.02',0,0,'aris & ari',''),(37,'2017-04-05','3','0.19','79.55','0.35','93.02',0,0,'Wahyu & Nurdin',''),(38,'2017-04-06','3','0.27','98.48','0.34','98.3',0,0,'Rizal & Taufik',''),(39,'2017-04-08','1','0.16','86.27','0.27','96.54',0,0,'Yusuf, Anwar, Fachri, Bagus',''),(40,'2017-04-09','2','0.28','96.75','0','100',0,0,'Yusuf, Aris',''),(41,'2017-04-10','3','0.28','96.75','0','100',0,0,'Rizal, Taufik',''),(42,'2017-04-11','1','0.05','93.75','0.29','98.26',2,0,'Dika, Nurdin, Bagus',''),(43,'2017-04-10','2','0.08','100','0.29','98.53',0,0,'Yusuf & Aris',''),(44,'2017-04-10','3','0.08','100','0.29','98.53',0,0,'Rizal & Taufiq',''),(45,'2017-04-11','1','0.22','71.15','2.28','97.1',8,0,'rAI, Anwar, Sayyid',''),(46,'2017-04-11','2','0.27','69.05','0.29','95.98',0,0,'Aris, Yusuf',''),(47,'2017-04-11','3','0.27','69.05','0.29','95.98',0,0,'Dika, Rizal','');

/*Table structure for table `data_harian` */

DROP TABLE IF EXISTS `data_harian`;

CREATE TABLE `data_harian` (
  `id` int(10) NOT NULL AUTO_INCREMENT,
  `tanggal` date DEFAULT NULL,
  `jam` time DEFAULT NULL,
  `total_toko` int(10) DEFAULT NULL,
  `toko_kirim` int(10) DEFAULT NULL,
  `toko_tdk_kirim` int(10) DEFAULT NULL,
  `toko_tutup` int(10) DEFAULT NULL,
  `persentase` double(10,2) DEFAULT NULL,
  `keterangan` text,
  `petugas` varchar(30) DEFAULT NULL,
  PRIMARY KEY (`id`)
) ENGINE=MyISAM AUTO_INCREMENT=5 DEFAULT CHARSET=latin1;

/*Data for the table `data_harian` */

insert  into `data_harian`(`id`,`tanggal`,`jam`,`total_toko`,`toko_kirim`,`toko_tdk_kirim`,`toko_tutup`,`persentase`,`keterangan`,`petugas`) values (4,'2017-04-16','16:21:19',584,580,4,0,99.32,'ok','wahyu'),(3,'2017-04-16','11:51:59',584,580,4,0,99.32,'a','WAHYUDI');

/*Table structure for table `hasil_kunjungan` */

DROP TABLE IF EXISTS `hasil_kunjungan`;

CREATE TABLE `hasil_kunjungan` (
  `id` int(11) NOT NULL AUTO_INCREMENT,
  `tanggal` date DEFAULT NULL,
  `jam` time DEFAULT NULL,
  `nik` varchar(20) DEFAULT NULL,
  `nama` varchar(50) DEFAULT NULL,
  `rencana_kunjungan` int(10) DEFAULT NULL,
  `aktual_kunjungan` int(10) DEFAULT NULL,
  `tidak_kunjungan` int(10) DEFAULT NULL,
  `persentase` double(10,2) DEFAULT NULL,
  `keterangan` text,
  `petugas` varchar(20) DEFAULT NULL,
  PRIMARY KEY (`id`)
) ENGINE=InnoDB AUTO_INCREMENT=11 DEFAULT CHARSET=latin1;

/*Data for the table `hasil_kunjungan` */

insert  into `hasil_kunjungan`(`id`,`tanggal`,`jam`,`nik`,`nama`,`rencana_kunjungan`,`aktual_kunjungan`,`tidak_kunjungan`,`persentase`,`keterangan`,`petugas`) values (8,'2017-04-16','23:01:50','1997000547\r\n\n','ASEP KOMALUDIN\r\n\n',1,1,0,0.00,'',''),(9,'2017-04-16','23:02:23','2009404498\r\n\n','MUHAMAD AZIM MUHAINI\r\n\n',1,1,0,100.00,'','wahyu'),(10,'2017-04-17','20:19:50','1997001530\r\n\n','WASIDI\r\n\n',1,1,0,100.00,'2','WAHYUDI');

/*Table structure for table `jadwal_edp` */

DROP TABLE IF EXISTS `jadwal_edp`;

CREATE TABLE `jadwal_edp` (
  `no` int(2) DEFAULT NULL,
  `nik` varchar(20) NOT NULL,
  `nama` varchar(20) DEFAULT NULL,
  `jabatan` varchar(20) DEFAULT NULL,
  `divisi` varchar(20) DEFAULT NULL,
  `periode` varchar(6) NOT NULL,
  `tgl_1` varchar(1) DEFAULT NULL,
  `tgl_2` varchar(1) DEFAULT NULL,
  `tgl_3` varchar(1) DEFAULT NULL,
  `tgl_4` varchar(1) DEFAULT NULL,
  `tgl_5` varchar(1) DEFAULT NULL,
  `tgl_6` varchar(1) DEFAULT NULL,
  `tgl_7` varchar(1) DEFAULT NULL,
  `tgl_8` varchar(1) DEFAULT NULL,
  `tgl_9` varchar(1) DEFAULT NULL,
  `tgl_10` varchar(1) DEFAULT NULL,
  `tgl_11` varchar(1) DEFAULT NULL,
  `tgl_12` varchar(1) DEFAULT NULL,
  `tgl_13` varchar(1) DEFAULT NULL,
  `tgl_14` varchar(1) DEFAULT NULL,
  `tgl_15` varchar(1) DEFAULT NULL,
  `tgl_16` varchar(1) DEFAULT NULL,
  `tgl_17` varchar(1) DEFAULT NULL,
  `tgl_18` varchar(1) DEFAULT NULL,
  `tgl_19` varchar(1) DEFAULT NULL,
  `tgl_20` varchar(1) DEFAULT NULL,
  `tgl_21` varchar(1) DEFAULT NULL,
  `tgl_22` varchar(1) DEFAULT NULL,
  `tgl_23` varchar(1) DEFAULT NULL,
  `tgl_24` varchar(1) DEFAULT NULL,
  `tgl_25` varchar(1) DEFAULT NULL,
  `tgl_26` varchar(1) DEFAULT NULL,
  `tgl_27` varchar(1) DEFAULT NULL,
  `tgl_28` varchar(1) DEFAULT NULL,
  `tgl_29` varchar(1) DEFAULT NULL,
  `tgl_30` varchar(1) DEFAULT NULL,
  `tgl_31` varchar(1) DEFAULT NULL,
  `cuti` int(2) DEFAULT NULL,
  `libur` int(2) DEFAULT NULL,
  `shift_f` int(2) DEFAULT NULL,
  `shift_0` int(2) DEFAULT NULL,
  `shift_1` int(2) DEFAULT NULL,
  `shift_2` int(2) DEFAULT NULL,
  `shift_3` int(2) DEFAULT NULL
) ENGINE=MyISAM DEFAULT CHARSET=latin1;

/*Data for the table `jadwal_edp` */

insert  into `jadwal_edp`(`no`,`nik`,`nama`,`jabatan`,`divisi`,`periode`,`tgl_1`,`tgl_2`,`tgl_3`,`tgl_4`,`tgl_5`,`tgl_6`,`tgl_7`,`tgl_8`,`tgl_9`,`tgl_10`,`tgl_11`,`tgl_12`,`tgl_13`,`tgl_14`,`tgl_15`,`tgl_16`,`tgl_17`,`tgl_18`,`tgl_19`,`tgl_20`,`tgl_21`,`tgl_22`,`tgl_23`,`tgl_24`,`tgl_25`,`tgl_26`,`tgl_27`,`tgl_28`,`tgl_29`,`tgl_30`,`tgl_31`,`cuti`,`libur`,`shift_f`,`shift_0`,`shift_1`,`shift_2`,`shift_3`) values (6,'6','M. RIZKI RIVAL','CLERK','NETWORK','201701','1','1','1','1','1','1','L','2','2','2','2','L','1','1','1','1','L','2','2','2','2','L','2','2','L','1','1','F','L','1','1',5,1,1,6,7,8,9),(5,'5','ARI RAMDANI','CLERK','NETWORK','201701','2','2','2','2','2','L','1','L','1','1','1','1','L','2','2','L','1','1','1','1','L','1','1','1','1','C','C','C','L','2','2',45,1,1,26,7,8,9),(4,'4','RODIN VILANDY','OFFICER','REPORTING','201701','1','1','1','1','1','1','1','L','1','1','1','1','L','1','2','L','1','1','1','L','1','1','1','L','1','1','1','L','1','1','L',4,1,12,2,7,8,9),(3,'3','M. IGAM SEFTIAN','CLERK','REPORTING','201701','1','1','1','1','1','L','1','1','L','1','1','1','L','1','1','1','L','1','1','1','1','L','1','1','L','1','1','L','1','1','1',4,1,2,2,7,8,9),(9,'2011009170','WAHYUDI','OFFICER','PROGRAM','201701','1','1','3','3','3','3','L','C','C','1','1','1','L','3','3','3','3','3','L','1','1','1','1','L','1','1','L','3','L','3','3',9,9,9,9,9,9,9),(11,'2010025168','ANDIKA Y.A','CLERK','AWHOST','201701','0','0','0','0','L','C','C','1','L','2','3','L','0','0','L','3','3','L','1','1','1','0','0','L','2','2','2','L','1','0','3',4,1,2,2,7,8,9),(2,'2','BAGUS ADAM','CLERK','ADMIN','201701','L','1','1','1','1','1','L','1','1','1','1','1','1','1','L','1','1','1','1','1','L','1','1','1','1','1','1','1','L','1','1',4,1,2,2,7,8,9),(16,'16','M. RIZAL RULLAH','OFFICER','VIRTUAL','201701','1','1','1','1','L','1','L','3','3','3','L','3','3','3','3','L','2','3','L','0','0','L','0','0','0','0','0','L','F','1','1',4,1,2,2,7,8,9),(14,'14','TAUFIK HIDAYAT','CLERK','AWHOST','201701','1','1','1','L','3','3','3','3','3','L','1','1','1','F','L','2','2','2','2','2','L','2','2','2','L','3','3','L','2','L','1',31,1,2,1,77,8,9),(15,'15','NURDIN ','CELRK','VIRTUAL','201701','1','L','1','2','2','L','2','L','1','1','1','1','1','L','0','0','0','0','0','L','1','1','1','0','0','L','1','2','2','2','2',2,2,2,2,2,2,2),(13,'13','SAID','CLERK','AWHOST','201701','L','F','F','F','F','2','L','1','1','0','0','0','L','1','1','2','L','F','3','3','L','F','F','F','F','F','L','3','3','L','1',2,1,2,1,7,8,9),(12,'12','RAI RESPATY','OFFICER','AWHOST','201701','3','3','L','1','1','1','3','L','1','3','3','3','3','L','1','1','1','1','3','L','3','3','3','3','3','L','1','1','3','L','1',2,1,2,1,7,7,9),(10,'10','AKMAD YUSUF','CLERK','AWHOST','201701','2','2','2','L','0','0','0','0','0','L','F','F','F','L','1','1','1','1','1','1','F','L','1','1','1','L','0','0','0','L','0',2,1,22,1,7,8,9),(1,'1','NURHASANAH','CLERK','ADMIN','201701','C','C','C','C','C','C','C','C','C','C','C','C','C','C','C','C','C','C','C','C','C','C','C','C','C','C','C','C','C','C','C',2,1,2,1,7,8,9),(15,'2012071561','NURDIN SYARIFFUDIN R','Clerk','Virtual','201702','2','2','2','L','1','1','1','1','L','1','1','2','3','3','3','3','L','1','0','1','L','0','0','0','0','L','2','2','','','',0,5,0,5,8,6,4),(13,'2013160839','SAID','Clerk','Awhost','201702','1','1','1','2','2','L','F','F','F','F','F','L','1','F','0','L','3','3','3','3','3','3','L','F','L','F','F','F','','','',0,5,10,1,4,2,6),(14,'2013118169','TAUFIK TRIYADI','Clerk','Awhost','201702','1','1','1','1','L','C','C','L','1','1','1','L','1','1','L','2','2','2','2','2','2','L','2','2','2','2','2','2','','','',2,5,0,0,9,12,0),(12,'2011018980','RAI RESPATY','Senior Clerk','Awhost','201702','1','1','1','L','1','3','3','3','3','3','3','L','1','1','1','1','L','1','1','L','1','1','L','3','3','3','3','3','','','',0,5,0,0,12,0,11),(11,'2010025168','ANDIKA YANUAR AFRIAN','Clerk','Awhost','201702','3','3','3','L','0','1','1','L','1','3','3','3','L','1','1','1','0','0','L','0','0','L','1','1','1','1','1','1','','','',0,5,0,5,12,0,6),(10,'2013099164','AKHMAD YUSUF','Clerk','Awhost','201702','0','0','F','F','F','F','L','1','1','1','L','F','F','L','F','0','2','2','L','F','F','F','F','L','3','3','3','3','','','',0,5,11,3,3,2,4),(7,'2013066087','ANWAR SANUSI','Clerk','Program','201702','F','F','L','3','3','3','3','3','3','L','0','0','0','0','L','F','F','F','L','1','1','2','3','3','L','1','1','1','','','',0,5,5,4,5,1,8),(9,'2011009170','WAHYUDI','Senior Clerk','Program','201702','3','3','3','3','3','L','1','1','1','1','1','1','3','3','3','3','3','3','L','1','1','1','L','1','1','L','L','1','','','',0,5,0,0,11,0,12),(8,'2013081376','ARIS RUSMANA','Clerk','Program','201702','1','1','0','0','L','0','0','0','0','0','L','2','2','2','2','2','L','1','F','1','L','2','2','L','F','0','0','0','','','',0,5,2,10,4,7,0),(6,'2013144613','MOCHAMAD RIZKI RIVAI','Clerk','Network','201702','1','1','1','L','2','2','2','2','2','2','2','L','1','1','1','1','L','1','2','2','2','L','1','1','1','1','1','L','','','',0,5,0,0,13,10,0),(5,'2013053203','ARI RAMDANI','Clerk','Network','201702','2','2','2','2','L','1','1','1','1','1','L','1','2','2','2','L','1','1','1','1','1','1','L','2','2','2','L','1','','','',0,5,0,0,13,10,0),(4,'2011013631','RODINA VILANDY ','Senior Clerk','FAD','201702','1','1','1','1','1','1','L','1','1','1','C','C','C','L','1','1','1','1','L','1','1','1','1','1','L','1','1','L','','','',3,5,0,0,20,0,0),(3,'2013048827','MUHAMAD IGAM SEFTIAN','Clerk','FAD','201702','1','1','1','1','1','L','1','1','1','L','1','1','1','1','1','1','1','L','1','1','1','L','1','1','1','L','1','1','','','',0,5,0,0,23,0,0),(2,'2013204597','BAGUS ADAM','Clerk','Admin','201702','1','1','1','1','L','1','1','1','1','1','L','1','1','1','1','1','1','L','1','1','1','1','1','1','1','L','1','1','','','',0,4,0,0,24,0,0),(7,'7','ANWAR SANUSI','CLERK','PROGRAM','201701','3','3','3','L','F','F','F','F','F','L','2','2','L','F','F','F','L','F','F','2','2','L','1','2','2','2','2','L','F','F','F',5,1,1,6,7,8,9),(8,'8','ARIS RUSMANA','CLERK','PROGRAM','201701','F','1','1','L','1','2','2','2','2','L','2','2','2','2','L','1','1','1','L','3','3','3','L','1','1','0','F','L','1','3','L',6,1,1,6,7,8,9),(1,'2011006913','NURHASANAH','Clerk','Admin','201702','C','C','C','C','C','C','C','C','C','C','C','C','C','C','C','C','C','C','C','C','C','C','C','C','C','C','C','C','','','',28,0,0,0,0,0,0),(16,'2011010201','M.RIZAL RULLAH','Senior Clerk','Virtual','201702','1','1','1','1','1','L','2','2','2','2','2','3','L','1','1','1','1','L','3','3','3','3','3','L','L','1','1','1','','','',0,5,0,0,13,5,5),(6,'6','M. RIZKI RIVAL','CLERK','NETWORK','201701','1','1','1','1','1','1','L','2','2','2','2','L','1','1','1','1','L','2','2','2','2','L','2','2','L','1','1','F','L','1','1',5,1,1,6,7,8,9),(5,'5','ARI RAMDANI','CLERK','NETWORK','201701','2','2','2','2','2','L','1','L','1','1','1','1','L','2','2','L','1','1','1','1','L','1','1','1','1','C','C','C','L','2','2',45,1,1,26,7,8,9),(4,'4','RODIN VILANDY','OFFICER','REPORTING','201701','1','1','1','1','1','1','1','L','1','1','1','1','L','1','2','L','1','1','1','L','1','1','1','L','1','1','1','L','1','1','L',4,1,12,2,7,8,9),(3,'3','M. IGAM SEFTIAN','CLERK','REPORTING','201701','1','1','1','1','1','L','1','1','L','1','1','1','L','1','1','1','L','1','1','1','1','L','1','1','L','1','1','L','1','1','1',4,1,2,2,7,8,9),(9,'2011009170','WAHYUDI','OFFICER','PROGRAM','201701','1','1','3','3','3','3','L','C','C','1','1','1','L','3','3','3','3','3','L','1','1','1','1','L','1','1','L','3','L','3','3',9,9,9,9,9,9,9),(11,'2010025168','ANDIKA Y.A','CLERK','AWHOST','201701','3','0','0','0','L','C','C','1','L','2','3','L','0','0','L','3','3','L','1','1','1','0','0','L','2','2','2','L','1','0','3',4,1,2,2,7,8,9),(2,'2','BAGUS ADAM','CLERK','ADMIN','201701','L','1','1','1','1','1','L','1','1','1','1','1','1','1','L','1','1','1','1','1','L','1','1','1','1','1','1','1','L','1','1',4,1,2,2,7,8,9),(16,'16','M. RIZAL RULLAH','OFFICER','VIRTUAL','201701','1','1','1','1','L','1','L','3','3','3','L','3','3','3','3','L','2','3','L','0','0','L','0','0','0','0','0','L','F','1','1',4,1,2,2,7,8,9),(14,'14','TAUFIK HIDAYAT','CLERK','AWHOST','201701','1','1','1','L','3','3','3','3','3','L','1','1','1','F','L','2','2','2','2','2','L','2','2','2','L','3','3','L','2','L','1',31,1,2,1,77,8,9),(15,'15','NURDIN ','CELRK','VIRTUAL','201701','1','L','1','2','2','L','2','L','1','1','1','1','1','L','0','0','0','0','0','L','1','1','1','0','0','L','1','2','2','2','2',2,2,2,2,2,2,2),(13,'13','SAID','CLERK','AWHOST','201701','L','F','F','F','F','2','L','1','1','0','0','0','L','1','1','2','L','F','3','3','L','F','F','F','F','F','L','3','3','L','1',2,1,2,1,7,8,9),(12,'12','RAI RESPATY','OFFICER','AWHOST','201701','3','3','L','1','1','1','3','L','1','3','3','3','3','L','1','1','1','1','3','L','3','3','3','3','3','L','1','1','3','L','1',2,1,2,1,7,7,9),(10,'10','AKMAD YUSUF','CLERK','AWHOST','201701','2','2','2','L','0','0','0','0','0','L','F','F','F','L','1','1','1','1','1','1','F','L','1','1','1','L','0','0','0','L','0',2,1,22,1,7,8,9),(1,'1','NURHASANAH','CLERK','ADMIN','201701','C','C','C','C','C','C','C','C','C','C','C','C','C','C','C','C','C','C','C','C','C','C','C','C','C','C','C','C','C','C','C',2,1,2,1,7,8,9),(15,'2012071561','NURDIN SYARIFFUDIN R','Clerk','Virtual','201702','2','2','2','L','1','1','1','1','L','1','1','2','3','3','3','3','L','1','0','1','L','0','0','0','0','L','2','2','','','',0,5,0,5,8,6,4),(13,'2013160839','SAID','Clerk','Awhost','201702','F','1','1','2','2','L','F','F','F','F','F','L','1','F','0','L','3','3','3','3','3','3','L','F','L','F','F','F','','','',0,5,10,1,4,2,6),(14,'2013118169','TAUFIK TRIYADI','Clerk','Awhost','201702','L','1','1','1','L','C','C','L','1','1','1','L','1','1','L','2','2','2','2','2','2','L','2','2','2','2','2','2','','','',2,5,0,0,9,12,0),(12,'2011018980','RAI RESPATY','Senior Clerk','Awhost','201702','3','1','1','L','1','3','3','3','3','3','3','L','1','1','1','1','L','1','1','L','1','1','L','3','3','3','3','3','','','',0,5,0,0,12,0,11),(11,'2010025168','ANDIKA YANUAR AFRIAN','Clerk','Awhost','201702','3','3','3','L','0','1','1','L','1','3','3','3','L','1','1','1','0','0','L','0','0','L','1','1','1','1','1','1','','','',0,5,0,5,12,0,6),(10,'2013099164','AKHMAD YUSUF','Clerk','Awhost','201702','L','0','F','F','F','F','L','1','1','1','L','F','F','L','F','0','2','2','L','F','F','F','F','L','3','3','3','3','','','',0,5,11,3,3,2,4),(7,'2013066087','ANWAR SANUSI','Clerk','Program','201702','1','F','L','3','3','3','3','3','3','L','0','0','0','0','L','F','F','F','L','1','1','2','3','3','L','1','1','1','','','',0,5,5,4,5,1,8),(9,'2011009170','WAHYUDI','Senior Clerk','Program','201702','1','3','3','3','3','L','1','1','1','1','1','1','3','3','3','3','3','3','L','1','1','1','L','1','1','L','L','1','','','',0,5,0,0,11,0,12),(8,'2013081376','ARIS RUSMANA','Clerk','Program','201702','0','1','0','0','L','0','0','0','0','0','L','2','2','2','2','2','L','1','F','1','L','2','2','L','F','0','0','0','','','',0,5,2,10,4,7,0),(6,'2013144613','MOCHAMAD RIZKI RIVAI','Clerk','Network','201702','2','1','1','L','2','2','2','2','2','2','2','L','1','1','1','1','L','1','2','2','2','L','1','1','1','1','1','L','','','',0,5,0,0,13,10,0),(5,'2013053203','ARI RAMDANI','Clerk','Network','201702','1','2','2','2','L','1','1','1','1','1','L','1','2','2','2','L','1','1','1','1','1','1','L','2','2','2','L','1','','','',0,5,0,0,13,10,0),(4,'2011013631','RODINA VILANDY ','Senior Clerk','FAD','201702','1','1','1','1','1','1','L','1','1','1','C','C','C','L','1','1','1','1','L','1','1','1','1','1','L','1','1','L','','','',3,5,0,0,20,0,0),(3,'2013048827','MUHAMAD IGAM SEFTIAN','Clerk','FAD','201702','1','1','1','1','1','L','1','1','1','L','1','1','1','1','1','1','1','L','1','1','1','L','1','1','1','L','1','1','','','',0,5,0,0,23,0,0),(2,'2013204597','BAGUS ADAM','Clerk','Admin','201702','1','1','1','1','L','1','1','1','1','1','L','1','1','1','1','1','1','L','1','1','1','1','1','1','1','L','1','1','','','',0,4,0,0,24,0,0),(7,'7','ANWAR SANUSI','CLERK','PROGRAM','201701','3','3','3','L','F','F','F','F','F','L','2','2','L','F','F','F','L','F','F','2','2','L','1','2','2','2','2','L','F','F','F',5,1,1,6,7,8,9),(8,'8','ARIS RUSMANA','CLERK','PROGRAM','201701','F','1','1','L','1','2','2','2','2','L','2','2','2','2','L','1','1','1','L','3','3','3','L','1','1','0','F','L','1','3','L',6,1,1,6,7,8,9),(1,'2011006913','NURHASANAH','Clerk','Admin','201702','C','C','C','C','C','C','C','C','C','C','C','C','C','C','C','C','C','C','C','C','C','C','C','C','C','C','C','C','','','',28,0,0,0,0,0,0),(16,'2011010201','M.RIZAL RULLAH','Senior Clerk','Virtual','201702','1','1','1','1','1','L','2','2','2','2','2','3','L','1','1','1','1','L','3','3','3','3','3','L','L','1','1','1','','','',0,5,0,0,13,5,5),(16,'2012071561','NURDIN SYARIFFUDIN R','','Virtual','201703','2','L','2','2','2','2','2','L','0','0','0','L','1','1','1','1','1','L','1','2','2','2','L','0','0','0','0','1','2','L','1',0,6,0,7,8,10,0),(15,'2013118169','TAUFIK TRIYADI','','Awhost','201703','L','2','3','3','3','L','1','0','1','2','2','2','L','2','2','2','2','L','1','1','1','F','F','F','L','F','F','F','F','F','L',0,6,8,1,5,8,3),(14,'2013160839','SAID','','Awhost','201703','F','F','F','L','2','L','1','2','2','2','2','2','2','L','F','F','F','F','F','F','F','L','1','2','2','L','0','0','L','2','2',0,6,10,2,2,11,0),(8,'2013081376','ARIS RUSMANA','','Program','201703','0','L','1','2','3','3','L','3','3','3','3','L','F','F','1','0','0','L','1','1','1','L','1','1','3','3','L','1','0','0','F',0,6,3,5,8,1,8),(9,'2011009170','WAHYUDI','','Program','201703','1','1','3','3','L','3','3','3','3','3','L','3','3','L','1','1','1','1','L','1','1','1','1','L','1','1','1','1','L','3','3',0,6,0,0,14,0,11),(10,'2013099164','AKHMAD YUSUF','','Awhost','201703','L','0','0','F','F','F','F','L','1','1','1','L','1','0','0','1','3','3','2','L','1','C','C','C','L','2','L','1','1','1','1',3,6,4,4,10,2,2),(11,'2013228225','FAISAL HAFIZH','','Awhost','201703','1','2','2','L','0','0','3','2','2','L','1','0','0','2','L','1','2','2','2','L','1','2','2','2','2','L','2','2','2','2','L',0,6,0,4,4,16,1),(12,'2010025168','ANDIKA YANUAR AFRIAN','','Awhost','201703','3','L','C','C','C','C','C','L','F','F','1','L','2','3','3','3','L','1','0','0','0','0','0','L','F','1','L','1','1','1','0',5,6,3,6,6,1,4),(13,'2011018980','RAI RESPATY','','Awhost','201703','3','3','L','1','1','1','1','1','1','1','L','1','1','1','1','L','3','3','3','3','3','3','L','1','1','L','1','1','3','L','1',0,6,0,0,16,0,9),(7,'2013066087','ANWAR SANUSI','','Program','201703','1','3','L','0','L','1','0','F','1','L','F','F','L','1','1','1','L','0','3','3','3','3','3','3','L','1','3','3','3','3','3',0,6,3,3,7,0,12),(0,'Z4…•wÊ„sº\"Pr¾5ê›kl³','õRö˜ò}¿L2Ùí¿»–}¢£Æ','$Ÿ`¬Ð*§É(¦T©¹P»œ¾',']×W‹^›ý‡Ö{‚\0esZ;×Î£','EšõþF­','€','b','Æ','.','Ù','‹','‹','Þ','','±','','«','ñ','k','Æ','ô','\"',NULL,NULL,NULL,NULL,NULL,NULL,NULL,NULL,NULL,NULL,NULL,NULL,NULL,NULL,NULL,NULL,NULL,NULL,NULL,NULL,NULL),(17,'2011010201','M.RIZAL RULLAH','','Virtual','201703','1','1','1','1','L','1','1','1','L','1','3','3','3','3','3','3','L','1','L','1','1','L','3','3','3','3','3','3','L','1','1',0,6,0,0,12,0,12),(5,'2013053203','ARI RAMDANI','','Network','201703','1','1','1','1','L','1','1','1','L','C','C','C','L','1','2','2','L','1','1','2','2','L','1','1','1','2','2','2','L','1','1',3,6,0,0,15,7,0),(6,'2013144613','MOCHAMAD RIZKI RIVAI','','Network','201703','2','C','C','L','1','2','2','L','1','1','1','1','1','L','1','1','1','2','L','1','1','1','2','L','1','1','1','1','1','L','2',2,6,0,0,17,6,0),(4,'2011013631','RODINA VILANDY','','FAD','201703','1','1','1','1','1','1','1','L','1','1','L','1','1','1','L','1','1','1','L','1','1','L','1','1','1','1','1','L','1','1','L',0,7,0,0,24,0,0),(3,'2013048827','MUHAMAD IGAM SEFTIAN','','FAD','201703','1','1','1','1','1','1','1','1','L','1','1','L','1','1','1','1','1','L','1','L','1','1','1','L','1','1','1','L','1','L','1',0,7,0,0,24,0,0),(1,'2011006913','NURHASANAH','','Admin','201703','C','C','C','C','C','C','C','C','C','C','C','C','C','C','C','C','C','C','L','1','1','1','1','1','L','1','1','L','1','1','1',18,3,0,0,10,0,0),(2,'2013204597','BAGUS ADAM','','Admin','201703','1','1','1','1','L','1','1','1','1','1','L','1','1','1','1','1','1','L','1','1','1','1','1','1','1','L','1','L','1','1','1',0,5,0,0,26,0,0),(15,'2013118169','TAUFIK TRIYADI','','Awhost','201704','0','0','0','L','1','3','3','3','3','3','L','1','1','L','C','C','L','1','F','F','F','L','1','1','L','1','F','0','3','L','',2,7,4,4,8,0,5),(201704,'1','Sb','red',NULL,'',NULL,NULL,NULL,NULL,NULL,NULL,NULL,NULL,NULL,NULL,NULL,NULL,NULL,NULL,NULL,NULL,NULL,NULL,NULL,NULL,NULL,NULL,NULL,NULL,NULL,NULL,NULL,NULL,NULL,NULL,NULL,NULL,NULL,NULL,NULL,NULL,NULL,NULL),(201704,'2','Mi','red',NULL,'',NULL,NULL,NULL,NULL,NULL,NULL,NULL,NULL,NULL,NULL,NULL,NULL,NULL,NULL,NULL,NULL,NULL,NULL,NULL,NULL,NULL,NULL,NULL,NULL,NULL,NULL,NULL,NULL,NULL,NULL,NULL,NULL,NULL,NULL,NULL,NULL,NULL,NULL),(201704,'3','Se','',NULL,'',NULL,NULL,NULL,NULL,NULL,NULL,NULL,NULL,NULL,NULL,NULL,NULL,NULL,NULL,NULL,NULL,NULL,NULL,NULL,NULL,NULL,NULL,NULL,NULL,NULL,NULL,NULL,NULL,NULL,NULL,NULL,NULL,NULL,NULL,NULL,NULL,NULL,NULL),(201704,'4','Sl','',NULL,'',NULL,NULL,NULL,NULL,NULL,NULL,NULL,NULL,NULL,NULL,NULL,NULL,NULL,NULL,NULL,NULL,NULL,NULL,NULL,NULL,NULL,NULL,NULL,NULL,NULL,NULL,NULL,NULL,NULL,NULL,NULL,NULL,NULL,NULL,NULL,NULL,NULL,NULL),(201704,'5','Rb','',NULL,'',NULL,NULL,NULL,NULL,NULL,NULL,NULL,NULL,NULL,NULL,NULL,NULL,NULL,NULL,NULL,NULL,NULL,NULL,NULL,NULL,NULL,NULL,NULL,NULL,NULL,NULL,NULL,NULL,NULL,NULL,NULL,NULL,NULL,NULL,NULL,NULL,NULL,NULL),(201704,'6','Km','',NULL,'',NULL,NULL,NULL,NULL,NULL,NULL,NULL,NULL,NULL,NULL,NULL,NULL,NULL,NULL,NULL,NULL,NULL,NULL,NULL,NULL,NULL,NULL,NULL,NULL,NULL,NULL,NULL,NULL,NULL,NULL,NULL,NULL,NULL,NULL,NULL,NULL,NULL,NULL),(201704,'7','Jm','',NULL,'',NULL,NULL,NULL,NULL,NULL,NULL,NULL,NULL,NULL,NULL,NULL,NULL,NULL,NULL,NULL,NULL,NULL,NULL,NULL,NULL,NULL,NULL,NULL,NULL,NULL,NULL,NULL,NULL,NULL,NULL,NULL,NULL,NULL,NULL,NULL,NULL,NULL,NULL),(201704,'8','Sb','red',NULL,'',NULL,NULL,NULL,NULL,NULL,NULL,NULL,NULL,NULL,NULL,NULL,NULL,NULL,NULL,NULL,NULL,NULL,NULL,NULL,NULL,NULL,NULL,NULL,NULL,NULL,NULL,NULL,NULL,NULL,NULL,NULL,NULL,NULL,NULL,NULL,NULL,NULL,NULL),(201704,'9','Mi','red',NULL,'',NULL,NULL,NULL,NULL,NULL,NULL,NULL,NULL,NULL,NULL,NULL,NULL,NULL,NULL,NULL,NULL,NULL,NULL,NULL,NULL,NULL,NULL,NULL,NULL,NULL,NULL,NULL,NULL,NULL,NULL,NULL,NULL,NULL,NULL,NULL,NULL,NULL,NULL),(201704,'10','Se','',NULL,'',NULL,NULL,NULL,NULL,NULL,NULL,NULL,NULL,NULL,NULL,NULL,NULL,NULL,NULL,NULL,NULL,NULL,NULL,NULL,NULL,NULL,NULL,NULL,NULL,NULL,NULL,NULL,NULL,NULL,NULL,NULL,NULL,NULL,NULL,NULL,NULL,NULL,NULL),(201704,'11','Sl','',NULL,'',NULL,NULL,NULL,NULL,NULL,NULL,NULL,NULL,NULL,NULL,NULL,NULL,NULL,NULL,NULL,NULL,NULL,NULL,NULL,NULL,NULL,NULL,NULL,NULL,NULL,NULL,NULL,NULL,NULL,NULL,NULL,NULL,NULL,NULL,NULL,NULL,NULL,NULL),(201704,'12','Rb','',NULL,'',NULL,NULL,NULL,NULL,NULL,NULL,NULL,NULL,NULL,NULL,NULL,NULL,NULL,NULL,NULL,NULL,NULL,NULL,NULL,NULL,NULL,NULL,NULL,NULL,NULL,NULL,NULL,NULL,NULL,NULL,NULL,NULL,NULL,NULL,NULL,NULL,NULL,NULL),(201704,'13','Km','',NULL,'',NULL,NULL,NULL,NULL,NULL,NULL,NULL,NULL,NULL,NULL,NULL,NULL,NULL,NULL,NULL,NULL,NULL,NULL,NULL,NULL,NULL,NULL,NULL,NULL,NULL,NULL,NULL,NULL,NULL,NULL,NULL,NULL,NULL,NULL,NULL,NULL,NULL,NULL),(201704,'14','Jm','red',NULL,'',NULL,NULL,NULL,NULL,NULL,NULL,NULL,NULL,NULL,NULL,NULL,NULL,NULL,NULL,NULL,NULL,NULL,NULL,NULL,NULL,NULL,NULL,NULL,NULL,NULL,NULL,NULL,NULL,NULL,NULL,NULL,NULL,NULL,NULL,NULL,NULL,NULL,NULL),(201704,'15','Sb','red',NULL,'',NULL,NULL,NULL,NULL,NULL,NULL,NULL,NULL,NULL,NULL,NULL,NULL,NULL,NULL,NULL,NULL,NULL,NULL,NULL,NULL,NULL,NULL,NULL,NULL,NULL,NULL,NULL,NULL,NULL,NULL,NULL,NULL,NULL,NULL,NULL,NULL,NULL,NULL),(201704,'16','Mi','red',NULL,'',NULL,NULL,NULL,NULL,NULL,NULL,NULL,NULL,NULL,NULL,NULL,NULL,NULL,NULL,NULL,NULL,NULL,NULL,NULL,NULL,NULL,NULL,NULL,NULL,NULL,NULL,NULL,NULL,NULL,NULL,NULL,NULL,NULL,NULL,NULL,NULL,NULL,NULL),(201704,'17','Se','',NULL,'',NULL,NULL,NULL,NULL,NULL,NULL,NULL,NULL,NULL,NULL,NULL,NULL,NULL,NULL,NULL,NULL,NULL,NULL,NULL,NULL,NULL,NULL,NULL,NULL,NULL,NULL,NULL,NULL,NULL,NULL,NULL,NULL,NULL,NULL,NULL,NULL,NULL,NULL),(201704,'18','Sl','',NULL,'',NULL,NULL,NULL,NULL,NULL,NULL,NULL,NULL,NULL,NULL,NULL,NULL,NULL,NULL,NULL,NULL,NULL,NULL,NULL,NULL,NULL,NULL,NULL,NULL,NULL,NULL,NULL,NULL,NULL,NULL,NULL,NULL,NULL,NULL,NULL,NULL,NULL,NULL),(201704,'19','Rb','',NULL,'',NULL,NULL,NULL,NULL,NULL,NULL,NULL,NULL,NULL,NULL,NULL,NULL,NULL,NULL,NULL,NULL,NULL,NULL,NULL,NULL,NULL,NULL,NULL,NULL,NULL,NULL,NULL,NULL,NULL,NULL,NULL,NULL,NULL,NULL,NULL,NULL,NULL,NULL),(201704,'20','Km','',NULL,'',NULL,NULL,NULL,NULL,NULL,NULL,NULL,NULL,NULL,NULL,NULL,NULL,NULL,NULL,NULL,NULL,NULL,NULL,NULL,NULL,NULL,NULL,NULL,NULL,NULL,NULL,NULL,NULL,NULL,NULL,NULL,NULL,NULL,NULL,NULL,NULL,NULL,NULL),(201704,'21','Jm','',NULL,'',NULL,NULL,NULL,NULL,NULL,NULL,NULL,NULL,NULL,NULL,NULL,NULL,NULL,NULL,NULL,NULL,NULL,NULL,NULL,NULL,NULL,NULL,NULL,NULL,NULL,NULL,NULL,NULL,NULL,NULL,NULL,NULL,NULL,NULL,NULL,NULL,NULL,NULL),(201704,'22','Sb','red',NULL,'',NULL,NULL,NULL,NULL,NULL,NULL,NULL,NULL,NULL,NULL,NULL,NULL,NULL,NULL,NULL,NULL,NULL,NULL,NULL,NULL,NULL,NULL,NULL,NULL,NULL,NULL,NULL,NULL,NULL,NULL,NULL,NULL,NULL,NULL,NULL,NULL,NULL,NULL),(201704,'23','Mi','red',NULL,'',NULL,NULL,NULL,NULL,NULL,NULL,NULL,NULL,NULL,NULL,NULL,NULL,NULL,NULL,NULL,NULL,NULL,NULL,NULL,NULL,NULL,NULL,NULL,NULL,NULL,NULL,NULL,NULL,NULL,NULL,NULL,NULL,NULL,NULL,NULL,NULL,NULL,NULL),(201704,'24','Se','red',NULL,'',NULL,NULL,NULL,NULL,NULL,NULL,NULL,NULL,NULL,NULL,NULL,NULL,NULL,NULL,NULL,NULL,NULL,NULL,NULL,NULL,NULL,NULL,NULL,NULL,NULL,NULL,NULL,NULL,NULL,NULL,NULL,NULL,NULL,NULL,NULL,NULL,NULL,NULL),(201704,'25','Sl','',NULL,'',NULL,NULL,NULL,NULL,NULL,NULL,NULL,NULL,NULL,NULL,NULL,NULL,NULL,NULL,NULL,NULL,NULL,NULL,NULL,NULL,NULL,NULL,NULL,NULL,NULL,NULL,NULL,NULL,NULL,NULL,NULL,NULL,NULL,NULL,NULL,NULL,NULL,NULL),(201704,'26','Rb','',NULL,'',NULL,NULL,NULL,NULL,NULL,NULL,NULL,NULL,NULL,NULL,NULL,NULL,NULL,NULL,NULL,NULL,NULL,NULL,NULL,NULL,NULL,NULL,NULL,NULL,NULL,NULL,NULL,NULL,NULL,NULL,NULL,NULL,NULL,NULL,NULL,NULL,NULL,NULL),(201704,'27','Km','',NULL,'',NULL,NULL,NULL,NULL,NULL,NULL,NULL,NULL,NULL,NULL,NULL,NULL,NULL,NULL,NULL,NULL,NULL,NULL,NULL,NULL,NULL,NULL,NULL,NULL,NULL,NULL,NULL,NULL,NULL,NULL,NULL,NULL,NULL,NULL,NULL,NULL,NULL,NULL),(201704,'28','Jm','',NULL,'',NULL,NULL,NULL,NULL,NULL,NULL,NULL,NULL,NULL,NULL,NULL,NULL,NULL,NULL,NULL,NULL,NULL,NULL,NULL,NULL,NULL,NULL,NULL,NULL,NULL,NULL,NULL,NULL,NULL,NULL,NULL,NULL,NULL,NULL,NULL,NULL,NULL,NULL),(201704,'29','Sb','red',NULL,'',NULL,NULL,NULL,NULL,NULL,NULL,NULL,NULL,NULL,NULL,NULL,NULL,NULL,NULL,NULL,NULL,NULL,NULL,NULL,NULL,NULL,NULL,NULL,NULL,NULL,NULL,NULL,NULL,NULL,NULL,NULL,NULL,NULL,NULL,NULL,NULL,NULL,NULL),(201704,'30','Mi','red',NULL,'',NULL,NULL,NULL,NULL,NULL,NULL,NULL,NULL,NULL,NULL,NULL,NULL,NULL,NULL,NULL,NULL,NULL,NULL,NULL,NULL,NULL,NULL,NULL,NULL,NULL,NULL,NULL,NULL,NULL,NULL,NULL,NULL,NULL,NULL,NULL,NULL,NULL,NULL),(17,'2011010201','M.RIZAL RULLAH','','Virtual','201704','1','1','1','1','L','3','3','3','3','3','3','3','L','1','1','L','1','1','L','3','3','3','3','3','L','1','1','1','L','1','',0,6,0,0,12,0,12),(16,'2012071561','NURDIN SYARIFFUDIN R','','Virtual','201704','3','3','3','3','3','L','1','1','1','1','1','L','1','1','2','2','2','L','1','1','1','L','1','1','L','2','2','2','2','L','',1,6,0,0,11,7,5),(12,'2010025168','ANDIKA YANUAR AFRIAN','','Awhost','201704','1','2','L','1','1','1','0','C','L','1','3','3','3','3','3','3','L','1','L','1','1','L','1','1','1','1','0','L','1','1','',1,6,0,2,14,1,6),(14,'2013160839','SAID','','Awhost','201704','2','L','2','L','1','1','F','L','F','F','F','F','L','0','0','0','0','0','0','L','3','3','3','L','3','3','L','F','F','F','',0,7,7,6,2,3,5),(13,'2011018980','RAI RESPATY','','Awhost','201704','1','1','1','1','L','1','1','L','1','1','1','L','3','3','3','3','3','3','3','L','1','1','L','1','1','1','1','L','1','1','',0,6,0,0,15,0,9),(11,'2013228225','FAISAL HAFIZH','','Awhost','201704','1','1','L','0','1','2','L','1','1','1','1','0','0','L','1','L','1','1','L','2','2','2','2','2','2','L','2','2','L','2','',0,7,4,3,7,9,0),(10,'2013099164','AKHMAD YUSUF','','Awhost','201704','F','F','F','L','0','0','L','0','2','2','2','2','2','2','L','1','3','3','3','3','L','0','L','1','1','1','3','L','0','0','',0,6,3,6,4,6,5),(9,'2011009170','WAHYUDI','','Program','201704','3','3','3','3','3','L','C','C','C','L','1','1','L','1','1','1','L','1','1','1','1','1','L','3','3','3','3','3','L','3','',3,6,0,0,11,0,10),(8,'2013081376','ARIS RUSMANA','','Program','201704','1','2','2','2','2','L','2','2','2','2','2','L','1','1','1','F','F','F','L','0','0','L','0','0','0','0','L','C','C','L','',2,6,0,6,7,9,0),(5,'2013053203','ARI RAMDANI','','Network','201704','1','1','L','2','2','2','2','2','L','1','1','1','1','1','L','C','C','1','1','1','L','1','1','L','1','L','1','L','2','2','',2,7,0,0,14,7,0),(7,'2013066087','ANWAR SANUSI','','Program','201704','L','1','1','F','F','F','L','F','0','0','0','L','F','F','F','L','1','2','2','2','L','F','F','F','F','F','L','3','3','3','',0,6,12,3,3,3,3),(6,'2013144613','MOCHAMAD RIZKI RIVAI','','Network','201704','2','L','1','1','L','1','1','L','1','1','1','1','L','1','1','1','1','2','2','L','2','2','2','2','2','2','L','1','1','1','',0,6,0,0,15,9,0),(4,'2013204597','BAGUS ADAM','','Network','201704','1','1','1','L','1','1','1','1','L','1','L','2','2','2','2','2','2','L','1','1','1','1','1','1','L','1','1','1','L','1','',0,6,0,0,17,6,0),(3,'2011013631','RODINA VILANDY','','FAD','201704','1','1','1','1','1','1','1','L','1','1','1','L','1','L','L','1','1','1','1','1','1','L','1','1','1','L','1','1','1','L','',0,7,0,0,23,0,0),(2,'2013048827','MUHAMAD IGAM SEFTIAN','','FAD','201704','1','1','1','1','1','1','1','1','L','L','1','1','1','1','1','L','1','1','1','1','1','1','L','L','1','1','L','1','L','1','',0,7,0,0,23,0,0),(1,'2011006913','NURHASANAH','','Admin','201704','L','1','1','1','1','1','1','1','L','1','1','1','1','L','1','L','1','1','1','1','1','1','L','L','1','1','1','1','1','L','',0,7,0,0,23,0,0);

/*Table structure for table `jadwal_edp_old` */

DROP TABLE IF EXISTS `jadwal_edp_old`;

CREATE TABLE `jadwal_edp_old` (
  `no` int(2) DEFAULT NULL,
  `nik` varchar(20) NOT NULL,
  `nama` varchar(20) DEFAULT NULL,
  `jabatan` varchar(20) DEFAULT NULL,
  `divisi` varchar(20) DEFAULT NULL,
  `periode` varchar(6) NOT NULL,
  `tgl_1` varchar(1) DEFAULT NULL,
  `tgl_2` varchar(1) DEFAULT NULL,
  `tgl_3` varchar(1) DEFAULT NULL,
  `tgl_4` varchar(1) DEFAULT NULL,
  `tgl_5` varchar(1) DEFAULT NULL,
  `tgl_6` varchar(1) DEFAULT NULL,
  `tgl_7` varchar(1) DEFAULT NULL,
  `tgl_8` varchar(1) DEFAULT NULL,
  `tgl_9` varchar(1) DEFAULT NULL,
  `tgl_10` varchar(1) DEFAULT NULL,
  `tgl_11` varchar(1) DEFAULT NULL,
  `tgl_12` varchar(1) DEFAULT NULL,
  `tgl_13` varchar(1) DEFAULT NULL,
  `tgl_14` varchar(1) DEFAULT NULL,
  `tgl_15` varchar(1) DEFAULT NULL,
  `tgl_16` varchar(1) DEFAULT NULL,
  `tgl_17` varchar(1) DEFAULT NULL,
  `tgl_18` varchar(1) DEFAULT NULL,
  `tgl_19` varchar(1) DEFAULT NULL,
  `tgl_20` varchar(1) DEFAULT NULL,
  `tgl_21` varchar(1) DEFAULT NULL,
  `tgl_22` varchar(1) DEFAULT NULL,
  `tgl_23` varchar(1) DEFAULT NULL,
  `tgl_24` varchar(1) DEFAULT NULL,
  `tgl_25` varchar(1) DEFAULT NULL,
  `tgl_26` varchar(1) DEFAULT NULL,
  `tgl_27` varchar(1) DEFAULT NULL,
  `tgl_28` varchar(1) DEFAULT NULL,
  `tgl_29` varchar(1) DEFAULT NULL,
  `tgl_30` varchar(1) DEFAULT NULL,
  `tgl_31` varchar(1) DEFAULT NULL,
  `cuti` int(2) DEFAULT NULL,
  `libur` int(2) DEFAULT NULL,
  `shift_f` int(2) DEFAULT NULL,
  `shift_0` int(2) DEFAULT NULL,
  `shift_1` int(2) DEFAULT NULL,
  `shift_2` int(2) DEFAULT NULL,
  `shift_3` int(2) DEFAULT NULL
) ENGINE=MyISAM DEFAULT CHARSET=latin1;

/*Data for the table `jadwal_edp_old` */

insert  into `jadwal_edp_old`(`no`,`nik`,`nama`,`jabatan`,`divisi`,`periode`,`tgl_1`,`tgl_2`,`tgl_3`,`tgl_4`,`tgl_5`,`tgl_6`,`tgl_7`,`tgl_8`,`tgl_9`,`tgl_10`,`tgl_11`,`tgl_12`,`tgl_13`,`tgl_14`,`tgl_15`,`tgl_16`,`tgl_17`,`tgl_18`,`tgl_19`,`tgl_20`,`tgl_21`,`tgl_22`,`tgl_23`,`tgl_24`,`tgl_25`,`tgl_26`,`tgl_27`,`tgl_28`,`tgl_29`,`tgl_30`,`tgl_31`,`cuti`,`libur`,`shift_f`,`shift_0`,`shift_1`,`shift_2`,`shift_3`) values (16,'2012071561','NURDIN SYARIFFUDIN R','','Virtual','201704','3','3','3','3','3','L','1','1','1','1','1','L','1','1','2','2','2','L','1','1','L','C','1','1','L','2','2','2','2','L','',0,0,11,7,5,1,6),(15,'2013118169','TAUFIK TRIYADI','','Awhost','201704','0','0','0','L','1','3','3','3','3','3','L','1','1','L','C','C','L','1','F','F','F','L','1','1','L','1','F','0','1','L','',4,4,8,0,5,2,7),(14,'2013160839','SAID','','Awhost','201704','2','2','2','L','1','1','F','L','F','L','F','F','L','0','0','0','0','0','0','L','3','3','3','L','3','3','L','F','F','F','',7,6,2,3,5,0,7),(13,'2011018980','RAI RESPATY','','Awhost','201704','1','1','1','1','L','1','1','L','1','1','1','L','3','3','3','3','3','3','3','L','1','1','L','1','1','1','1','L','3','3','',0,0,15,0,9,0,6),(12,'2010025168','ANDIKA YANUAR AFRIAN','','Awhost','201704','1','1','L','1','1','1','0','C','L','1','3','3','3','3','3','3','L','1','L','1','1','L','1','1','1','1','0','L','1','2','',0,2,14,1,6,1,6),(11,'2013228225','FAISAL HAFIZH','','Awhost','201704','1','1','L','0','1','2','L','1','L','F','1','0','0','L','1','F','F','F','L','2','2','2','2','2','2','L','2','2','L','1','',4,3,7,9,0,0,7),(10,'2013099164','AKHMAD YUSUF','','Awhost','201704','F','F','F','L','0','0','L','0','2','2','2','2','2','2','L','1','3','3','3','3','L','0','L','1','1','1','3','L','0','0','',3,6,4,6,5,0,6),(9,'2011009170','WAHYUDI','','Program','201704','3','3','3','3','3','L','C','C','C','L','1','1','L','1','1','1','L','1','1','1','1','1','L','3','3','3','3','3','L','1','',0,0,11,0,10,3,6),(8,'2013081376','ARIS RUSMANA','','Program','201704','1','2','2','2','2','L','2','2','2','2','2','L','1','1','1','1','1','1','L','0','0','L','0','0','0','0','L','C','C','L','',0,6,7,9,0,2,6),(7,'2013066087','ANWAR SANUSI','','Program','201704','L','1','1','F','F','F','L','F','0','0','0','L','F','F','F','L','1','2','2','2','L','F','F','F','F','F','L','3','3','3','',12,3,3,3,3,0,6),(6,'2013144613','MOCHAMAD RIZKI RIVAI','','Network','201704','2','L','1','1','L','1','1','L','1','1','1','1','L','1','1','1','1','2','2','L','2','2','2','2','2','2','L','1','1','1','',0,0,15,9,0,0,6),(5,'2013053203','ARI RAMDANI','','Network','201704','1','1','L','2','2','2','2','2','L','1','1','1','1','1','L','C','C','1','1','1','L','1','1','L','1','L','1','L','2','2','',0,0,14,7,0,2,7),(4,'2013204597','BAGUS ADAM','','Network','201704','1','1','1','L','1','1','L','1','1','1','L','2','2','2','2','2','2','L','1','1','1','1','L','1','1','1','1','1','L','1','',0,0,17,6,0,0,6),(3,'2011013631','RODINA VILANDY','','FAD','201704','1','1','1','1','1','1','1','L','1','1','1','L','1','L','L','1','1','1','1','1','1','L','1','1','1','L','1','1','1','L','',0,0,23,0,0,0,7),(2,'2013048827','MUHAMAD IGAM SEFTIAN','','FAD','201704','1','1','1','1','1','1','1','1','L','1','L','1','1','1','1','L','1','1','1','1','1','1','L','L','1','1','L','1','L','1','',0,0,23,0,0,0,7),(1,'2011006913','NURHASANAH','','Admin','201704','L','1','1','1','1','1','1','1','L','1','1','1','1','L','1','L','1','1','1','1','1','1','L','L','1','1','1','1','1','L','',0,0,23,0,0,0,7),(17,'2011010201','M.RIZAL RULLAH','','Virtual','201704','1','1','1','1','L','3','3','3','3','3','3','3','L','1','1','L','1','1','L','3','3','3','3','3','L','1','1','1','L','1','',0,0,12,0,12,0,6);

/*Table structure for table `karyawan` */

DROP TABLE IF EXISTS `karyawan`;

CREATE TABLE `karyawan` (
  `nik` varchar(20) NOT NULL,
  `nama` varchar(50) DEFAULT NULL,
  `jabatan` varchar(20) DEFAULT NULL,
  `divisi` varchar(20) DEFAULT NULL,
  `lokasi` varchar(50) DEFAULT NULL,
  `no_telp` varchar(20) DEFAULT NULL,
  PRIMARY KEY (`nik`)
) ENGINE=MyISAM DEFAULT CHARSET=latin1;

/*Data for the table `karyawan` */

insert  into `karyawan`(`nik`,`nama`,`jabatan`,`divisi`,`lokasi`,`no_telp`) values ('2013099164','AKHMAD YUSUF','Clerk','Awhost','Offices','081281947190'),('2010025168','ANDIKA YANUAR AFRIANDI','Clerk','Awhost','Offices','08990206566'),('2011000290','ANGGI ANGGARA','Senior Clerk','FAD','Offices','08988413620'),('2011006913','NURHASANAH','Clerk','Admin','Offices','-'),('2011009170','WAHYUDI','Senior Clerk','Virtual','Offices','089653395114'),('2011010201','M. RIZAL RULLAH','Clerk','Awhost','Offices','08889007104'),('2011013631','RODINA VILANDY','Senior Clerk','Program','Offices','08979334861'),('2011018980','RAY RESPATI','Senior Clerk','Awhost','Offices','089638682223'),('2012071561','NURDIN SYARIFFUDIN R A','Clerk','Virtual','Offices','085780179000'),('2013048827','MUHAMMAD IGAM','Clerk','FAD','Offices','083813237981'),('2013053203','ARI RAMDANI','Clerk','Awhost','Offices','089509317098'),('2013066087','ANWAR','Clerk','Program','Offices','083806740316'),('2013081376','ARIS RUSMANA','Clerk','Program','Offices','08986404614'),('2013118169','TAUFIK TRIYADI','Clerk','Awhost','Offices','085229105821'),('2013144613','MOCHAMAD RIZKI RIVAI','Clerk','Network','Offices','085717352917'),('2013160839','SAYYID  ','Clerk','Awhost','Offices','089654119776'),('2013204597','BAGUS ADAM TRI','Clerk','Admin','Offices','08998080024'),('2009404498\r\n','MUHAMAD AZIM MUHAINI\r\n','Senior Clerk','','Lapangan',NULL),('2012022522\r\n','IMAN WIBOWO\r\n','Senior Clerk','','Lapangan',NULL),('2012022692\r\n','FADLI EKA PUTRA\r\n','Senior Clerk',NULL,'Lapangan',NULL),('2011008512\r\n','NONO SUTRISNO\r\n','Senior Clerk',NULL,'Lapangan',NULL),('2012035317\r\n','ZAENAL ARIFIN\r\n','Clerk',NULL,'Lapangan',NULL),('2013003052\r\n','ARIEF SETIAWAN\r\n','Clerk',NULL,'Lapangan',NULL),('2013013026\r\n','MUHAMAD RAMADHAN S\r\n','Clerk',NULL,'Lapangan',NULL),('2013048084\r\n','LUCKY BERHANARNO\r\n','Clerk',NULL,'Lapangan',NULL),('2013048834\r\n','WEKA EDI NUGROHO\r\n','Clerk',NULL,'Lapangan',NULL),('2013074250\r\n','AHMAD YANUAR\r\n','Clerk',NULL,'Lapangan',NULL),('2013156267\r\n','ABENG HERMAWAN\r\n','Clerk',NULL,'Lapangan',NULL),('2013178241\r\n','MUHAMAD ZAKARIA SUKAMTO\r\n','Clerk',NULL,'Lapangan',NULL),('2013190370\r\n','RENDY JULIANTO\r\n','Clerk',NULL,'Lapangan',NULL),('2013220277\r\n','REZA FIRDAUS SAHMI\r\n','Clerk',NULL,'Lapangan',NULL),('2013220280\r\n','RIZKY SETIAWAN\r\n','Clerk',NULL,'Lapangan',NULL),('1997000547\r\n','ASEP KOMALUDIN\r\n','Supervisor',NULL,'Offices | Lapangan',NULL),('1997001530\r\n','WASIDI\r\n','Manager',NULL,'Offices | Lapangan',NULL);

/*Table structure for table `kaspersky` */

DROP TABLE IF EXISTS `kaspersky`;

CREATE TABLE `kaspersky` (
  `id` int(10) NOT NULL AUTO_INCREMENT,
  `tanggal` date DEFAULT NULL,
  `jam` time DEFAULT NULL,
  `shift` enum('1','2','3') DEFAULT NULL,
  `status_ok` int(10) DEFAULT NULL,
  `status_cartical` int(10) DEFAULT NULL,
  `status_warning` int(10) DEFAULT NULL,
  `persentase` int(10) DEFAULT NULL,
  `keterangan` text,
  `petugas` varchar(50) DEFAULT NULL,
  PRIMARY KEY (`id`)
) ENGINE=MyISAM AUTO_INCREMENT=2 DEFAULT CHARSET=latin1;

/*Data for the table `kaspersky` */

insert  into `kaspersky`(`id`,`tanggal`,`jam`,`shift`,`status_ok`,`status_cartical`,`status_warning`,`persentase`,`keterangan`,`petugas`) values (1,'2017-04-19','09:57:32','2',340,3,2,99,'bb','WAHYUDI');

/*Table structure for table `menu` */

DROP TABLE IF EXISTS `menu`;

CREATE TABLE `menu` (
  `kodeMenu` int(1) NOT NULL,
  `nama` varchar(100) DEFAULT NULL,
  `link` varchar(100) DEFAULT NULL,
  `icon` varchar(50) DEFAULT NULL
) ENGINE=MyISAM DEFAULT CHARSET=latin1;

/*Data for the table `menu` */

insert  into `menu`(`kodeMenu`,`nama`,`link`,`icon`) values (1,'Contact Phone','#','menu-icon fa fa-desktop'),(2,'Jadwal EDP','#','menu-icon fa fa-list'),(4,'Manual Book','#','menu-icon fa fa-tag'),(5,'Link Website','#','menu-icon fa fa-pencil-square-o'),(3,'Monitoring','#','menu-icon fa fa-list');

/*Table structure for table `nama_hari` */

DROP TABLE IF EXISTS `nama_hari`;

CREATE TABLE `nama_hari` (
  `periode` varchar(6) NOT NULL,
  `tgl` int(2) NOT NULL,
  `nama_hari` varchar(20) DEFAULT NULL,
  `warna` varchar(50) DEFAULT NULL
) ENGINE=MyISAM DEFAULT CHARSET=latin1;

/*Data for the table `nama_hari` */

insert  into `nama_hari`(`periode`,`tgl`,`nama_hari`,`warna`) values ('201608',1,'Se',NULL),('201608',2,'Se',NULL),('201608',3,'Ra',NULL),('201608',4,'Ka',NULL),('201608',5,'Ju',NULL),('201608',6,'Sa',NULL),('201608',7,'Mi','red'),('201608',8,'Se','red'),('201608',9,'Se','red'),('201608',10,'Ra',NULL),('201608',11,'Km',NULL),('201608',12,'Ju',NULL),('201608',13,'Sa',NULL),('201608',14,'Mi','red'),('201608',15,'Se','red'),('201608',16,'Se',NULL),('201608',17,'Ra','red'),('201608',18,'Ka',NULL),('201608',19,'Ju',NULL),('201608',20,'Sa',NULL),('201608',21,'Mi','red'),('201608',22,'Se','red'),('201608',23,'Se',NULL),('201608',24,'Ra',NULL),('201608',25,'Ka',NULL),('201608',26,'Ju',NULL),('201608',27,'Sa',NULL),('201608',28,'Mi','red'),('201608',29,'Se','red'),('201608',30,'Se',NULL),('201608',31,'Ra',NULL),('201609',1,'Ka',NULL),('201609',2,'Ju',NULL),('201609',3,'Sa','red'),('201609',4,'Mi','red'),('201609',5,'Se',NULL),('201609',6,'Sl',NULL),('201609',7,'Ra',NULL),('201609',8,'Km',NULL),('201609',9,'Ju',NULL),('201609',10,'Sa','red'),('201609',11,'Mi','red'),('201609',12,'Se','red'),('201609',13,'Sl',NULL),('201609',14,'Ra',NULL),('201609',15,'Ka',NULL),('201609',16,'Ju',NULL),('201609',17,'Sa','red'),('201609',18,'Mi','red'),('201609',19,'Se',NULL),('201609',20,'Sel',NULL),('201609',21,'Ra',NULL),('201609',22,'Ka',NULL),('201609',23,'Ju',NULL),('201609',24,'Sa','red'),('201609',25,'Mi','red'),('201609',26,'Se',NULL),('201609',27,'Sl',NULL),('201609',28,'Ra',NULL),('201609',29,'Ka',NULL),('201609',30,'Ju',NULL),('201612',1,'Kam',NULL),('201612',2,'Jum',NULL),('201612',3,'Sab','red'),('201612',4,'Min','red'),('201612',5,'Sen',NULL),('201612',6,'Sel',NULL),('201612',7,'Rab',NULL),('201612',8,'Kam',NULL),('201612',9,'Jum',NULL),('201612',10,'Sab','red'),('201612',11,'Min','red'),('201612',12,'Sen',NULL),('201612',13,'Sel',NULL),('201612',14,'Rab',NULL),('201612',15,'Kam',NULL),('201612',16,'Jum',NULL),('201612',17,'Sab','red'),('201612',18,'Min','red'),('201612',19,'Sen',NULL),('201612',20,'Sel',NULL),('201612',21,'Rab',NULL),('201612',22,'Kam',NULL),('201612',23,'Jum',NULL),('201612',24,'Sab','red'),('201612',25,'Min','red'),('201612',26,'Sen',NULL),('201612',27,'Sel',NULL),('201612',28,'Rab',NULL),('201612',29,'Kam',NULL),('201612',30,'Jum',NULL),('201612',31,'Sab','red'),('201701',1,'Ju','red'),('201701',2,'Sa','red'),('201701',3,'Mi','red'),('201701',4,'Se',NULL),('201701',5,'Sl',NULL),('201701',6,'Ra',NULL),('201701',7,'Ka',''),('201701',8,'Ju',''),('201701',9,'Sb','red'),('201701',10,'Mi','red'),('201701',11,'Se',NULL),('201701',12,'Sl',NULL),('201701',13,'Ra',NULL),('201701',14,'Ka',''),('201701',15,'Ju','red'),('201701',16,'Sa','red'),('201701',17,'Mi','red'),('201701',18,'Se',NULL),('201701',19,'Sl',NULL),('201701',20,'Ra',NULL),('201701',21,'Ka',''),('201701',22,'Ju',''),('201701',23,'Sa','red'),('201701',24,'Mi','red'),('201701',25,'Se',NULL),('201701',26,'Sl',NULL),('201701',27,'Ra',NULL),('201701',28,'Ka',''),('201701',29,'Ju',NULL),('201701',30,'Sa','red'),('201701',31,'Mi','red'),('201704',28,'Jm',''),('201704',27,'Km',''),('201704',26,'Rb',''),('201704',24,'Se','red'),('201702',5,'Mi','red'),('201702',6,'Se',''),('201702',7,'Sl',''),('201702',1,'Rb',''),('201702',2,'Km',''),('201702',3,'Jm',''),('201702',4,'Sb','red'),('201702',12,'Mi','red'),('201702',13,'Se',''),('201702',14,'Sl',''),('201702',15,'Rb',''),('201702',16,'Km',''),('201702',17,'Jm',''),('201702',18,'Sb','red'),('201702',19,'Mi','red'),('201702',20,'Se',''),('201702',21,'Sl',''),('201702',22,'Rb',''),('201702',23,'Km',''),('201702',24,'Jm',''),('201702',25,'Sb','red'),('201702',26,'Mi','red'),('201702',27,'Se',''),('201702',28,'Sl',''),('PERIOD',0,'NAMA HARI','FLEK'),('201608',1,'Se',NULL),('201608',2,'Se',NULL),('201608',3,'Ra',NULL),('201608',4,'Ka',NULL),('201608',5,'Ju',NULL),('201608',6,'Sa',NULL),('201608',7,'Mi','red'),('201608',8,'Se','red'),('201608',9,'Se','red'),('201608',10,'Ra',NULL),('201608',11,'Km',NULL),('201608',12,'Ju',NULL),('201608',13,'Sa',NULL),('201608',14,'Mi','red'),('201608',15,'Se','red'),('201608',16,'Se',NULL),('201608',17,'Ra','red'),('201608',18,'Ka',NULL),('201608',19,'Ju',NULL),('201608',20,'Sa',NULL),('201608',21,'Mi','red'),('201608',22,'Se','red'),('201608',23,'Se',NULL),('201608',24,'Ra',NULL),('201608',25,'Ka',NULL),('201608',26,'Ju',NULL),('201608',27,'Sa',NULL),('201608',28,'Mi','red'),('201608',29,'Se','red'),('201608',30,'Se',NULL),('201608',31,'Ra',NULL),('201609',1,'Ka',NULL),('201609',2,'Ju',NULL),('201609',3,'Sa','red'),('201609',4,'Mi','red'),('201609',5,'Se',NULL),('201609',6,'Sl',NULL),('201609',7,'Ra',NULL),('201609',8,'Km',NULL),('201609',9,'Ju',NULL),('201609',10,'Sa','red'),('201609',11,'Mi','red'),('201609',12,'Se','red'),('201609',13,'Sl',NULL),('201609',14,'Ra',NULL),('201609',15,'Ka',NULL),('201609',16,'Ju',NULL),('201609',17,'Sa','red'),('201609',18,'Mi','red'),('201609',19,'Se',NULL),('201609',20,'Sel',NULL),('201609',21,'Ra',NULL),('201609',22,'Ka',NULL),('201609',23,'Ju',NULL),('201609',24,'Sa','red'),('201609',25,'Mi','red'),('201609',26,'Se',NULL),('201609',27,'Sl',NULL),('201609',28,'Ra',NULL),('201609',29,'Ka',NULL),('201609',30,'Ju',NULL),('201612',1,'Kam',NULL),('201612',2,'Jum',NULL),('201612',3,'Sab','red'),('201612',4,'Min','red'),('201612',5,'Sen',NULL),('201612',6,'Sel',NULL),('201612',7,'Rab',NULL),('201612',8,'Kam',NULL),('201612',9,'Jum',NULL),('201612',10,'Sab','red'),('201612',11,'Min','red'),('201612',12,'Sen',NULL),('201612',13,'Sel',NULL),('201612',14,'Rab',NULL),('201612',15,'Kam',NULL),('201612',16,'Jum',NULL),('201612',17,'Sab','red'),('201612',18,'Min','red'),('201612',19,'Sen',NULL),('201612',20,'Sel',NULL),('201612',21,'Rab',NULL),('201612',22,'Kam',NULL),('201612',23,'Jum',NULL),('201612',24,'Sab','red'),('201612',25,'Min','red'),('201612',26,'Sen',NULL),('201612',27,'Sel',NULL),('201612',28,'Rab',NULL),('201612',29,'Kam',NULL),('201612',30,'Jum',NULL),('201612',31,'Sab','red'),('201701',1,'Ju','red'),('201701',2,'Sa','red'),('201701',3,'Mi','red'),('201701',4,'Se',NULL),('201701',5,'Sl',NULL),('201701',6,'Ra',NULL),('201701',7,'Ka',''),('201701',8,'Ju',''),('201701',9,'Sb','red'),('201701',10,'Mi','red'),('201701',11,'Se',NULL),('201701',12,'Sl',NULL),('201701',13,'Ra',NULL),('201701',14,'Ka',''),('201701',15,'Ju','red'),('201701',16,'Sa','red'),('201701',17,'Mi','red'),('201701',18,'Se',NULL),('201701',19,'Sl',NULL),('201701',20,'Ra',NULL),('201701',21,'Ka',''),('201701',22,'Ju',''),('201701',23,'Sa','red'),('201701',24,'Mi','red'),('201701',25,'Se',NULL),('201701',26,'Sl',NULL),('201701',27,'Ra',NULL),('201701',28,'Ka',''),('201701',29,'Ju',NULL),('201701',30,'Sa','red'),('201701',31,'Mi','red'),('201704',25,'Sl',''),('201704',23,'Mi','red'),('201702',5,'Mi','red'),('201702',6,'Se',''),('201702',7,'Sl',''),('201702',1,'Rb',''),('201702',2,'Km',''),('201702',3,'Jm',''),('201702',4,'Sb','red'),('201702',12,'Mi','red'),('201702',13,'Se',''),('201702',14,'Sl',''),('201702',15,'Rb',''),('201702',16,'Km',''),('201702',17,'Jm',''),('201702',18,'Sb','red'),('201702',19,'Mi','red'),('201702',20,'Se',''),('201702',21,'Sl',''),('201702',22,'Rb',''),('201702',23,'Km',''),('201702',24,'Jm',''),('201702',25,'Sb','red'),('201702',26,'Mi','red'),('201702',27,'Se',''),('201702',28,'Sl',''),('PERIOD',0,'NAMA HARI','FLEK'),('201703',1,'Ra',''),('201703',2,'Ka',''),('201703',3,'Ju',''),('201703',4,'Sa','red'),('201703',5,'Mi','red'),('201703',6,'Se',''),('201703',7,'Se',''),('201703',8,'Ra',''),('201703',9,'Ka',''),('201703',10,'Ju',''),('201703',11,'Sa','red'),('201703',12,'Mi','red'),('201703',13,'Se',''),('201703',14,'Se',''),('201703',15,'Ra',''),('201703',16,'Ka',''),('201703',17,'Ju',''),('201703',18,'Sa','red'),('201703',19,'Mi','red'),('201703',20,'Se',''),('201703',21,'Se',''),('201703',22,'Ra',''),('201703',23,'Ka',''),('201703',24,'Ju',''),('201703',25,'Sa','red'),('201703',26,'Mi','red'),('201703',27,'Se',''),('201703',28,'Se','red'),('201703',29,'Ra',''),('201703',30,'Ka',''),('201703',31,'Ju',''),('201704',22,'Sb','red'),('201704',21,'Jm',''),('201704',20,'Km',''),('201704',19,'Rb',''),('201704',18,'Sl',''),('201704',17,'Se',''),('201704',16,'Mi','red'),('201704',15,'Sb','red'),('201704',14,'Jm','red'),('201704',13,'Km',''),('201704',12,'Rb',''),('201704',11,'Sl',''),('201704',10,'Se',''),('201704',9,'Mi','red'),('201704',8,'Sb','red'),('201704',7,'Jm',''),('201704',6,'Km',''),('201704',5,'Rb',''),('201704',4,'Sl',''),('201704',3,'Se',''),('201704',2,'Mi','red'),('201704',1,'Sb','red'),('201704',29,'Sb','red'),('201704',30,'Mi','red');

/*Table structure for table `posreltime` */

DROP TABLE IF EXISTS `posreltime`;

CREATE TABLE `posreltime` (
  `id` int(10) NOT NULL AUTO_INCREMENT,
  `tanggal` date DEFAULT NULL,
  `jam` time DEFAULT NULL,
  `total_toko` int(10) DEFAULT NULL,
  `toko_ok` int(10) DEFAULT NULL,
  `toko_tdk_ok` int(10) DEFAULT NULL,
  `persentase` int(10) DEFAULT NULL,
  `keterangan` text,
  `petugas` varchar(30) DEFAULT NULL,
  PRIMARY KEY (`id`)
) ENGINE=MyISAM AUTO_INCREMENT=9 DEFAULT CHARSET=latin1;

/*Data for the table `posreltime` */

insert  into `posreltime`(`id`,`tanggal`,`jam`,`total_toko`,`toko_ok`,`toko_tdk_ok`,`persentase`,`keterangan`,`petugas`) values (4,'2017-04-16','00:28:36',400,300,100,25,'',''),(2,'0000-00-00','00:00:00',0,0,0,0,'0','0'),(3,'2017-04-16','00:27:19',400,200,200,50,'',''),(5,'2017-04-16','00:38:30',400,350,50,88,'',''),(6,'2017-04-16','00:38:50',400,300,100,75,'',''),(7,'2017-04-16','00:55:34',400,400,3,100,'mantap','WAHYUDI'),(8,'2017-04-16','00:56:02',400,400,0,100,'','');

/*Table structure for table `program_setting` */

DROP TABLE IF EXISTS `program_setting`;

CREATE TABLE `program_setting` (
  `program` varchar(100) NOT NULL,
  `jenis` varchar(100) NOT NULL,
  `nilai` varchar(100) DEFAULT NULL,
  PRIMARY KEY (`program`,`jenis`)
) ENGINE=MyISAM DEFAULT CHARSET=latin1;

/*Data for the table `program_setting` */

insert  into `program_setting`(`program`,`jenis`,`nilai`) values ('toko','jumlah_toko','584');

/*Table structure for table `realisasi_kunjungan` */

DROP TABLE IF EXISTS `realisasi_kunjungan`;

CREATE TABLE `realisasi_kunjungan` (
  `id` int(11) NOT NULL AUTO_INCREMENT,
  `tanggal` date DEFAULT NULL,
  `jam` time DEFAULT NULL,
  `nik` varchar(20) DEFAULT NULL,
  `nama` varchar(50) DEFAULT NULL,
  `rencana_kunjungan` int(10) DEFAULT NULL,
  `aktual_kunjungan` int(10) DEFAULT NULL,
  `tidak_kunjungan` int(10) DEFAULT NULL,
  `persentase` double(10,2) DEFAULT NULL,
  `petugas` varchar(20) DEFAULT NULL,
  PRIMARY KEY (`id`)
) ENGINE=InnoDB DEFAULT CHARSET=latin1;

/*Data for the table `realisasi_kunjungan` */

/*Table structure for table `shift_karyawan` */

DROP TABLE IF EXISTS `shift_karyawan`;

CREATE TABLE `shift_karyawan` (
  `kd_shift` int(2) DEFAULT NULL,
  `shift` varchar(1) NOT NULL,
  `jam_masuk` time DEFAULT NULL,
  `jam_keluar` time DEFAULT NULL,
  `keter` varchar(50) DEFAULT NULL,
  `warna` varchar(20) DEFAULT NULL,
  `kode_warna` varchar(20) DEFAULT NULL
) ENGINE=MyISAM DEFAULT CHARSET=latin1;

/*Data for the table `shift_karyawan` */

insert  into `shift_karyawan`(`kd_shift`,`shift`,`jam_masuk`,`jam_keluar`,`keter`,`warna`,`kode_warna`) values (2,'0','07:00:00','15:00:00','Shift 0','Hijau','lightgreen'),(3,'1','08:00:00','16:00:00','Shift 1','Hijau Tua','green'),(4,'2','16:00:00','00:00:00','Shift 2','Kuning','yellow'),(5,'3','17:00:00','01:00:00','Shift 3','Biru','lightblue'),(7,'C','00:00:00','00:00:00','Cuti','Pink','pink'),(6,'L','00:00:00','00:00:00','Libur','Merah','red'),(1,'F','06:00:00','14:00:00','Shift Jam Pagi','Putih','white');

/*Table structure for table `submenu` */

DROP TABLE IF EXISTS `submenu`;

CREATE TABLE `submenu` (
  `kodeSubMenu` int(2) NOT NULL,
  `kodeMenu` int(2) NOT NULL,
  `nama` varchar(50) DEFAULT NULL,
  `link` varchar(50) DEFAULT NULL,
  `target` varchar(20) DEFAULT NULL,
  `level` varchar(20) DEFAULT NULL
) ENGINE=MyISAM DEFAULT CHARSET=latin1;

/*Data for the table `submenu` */

insert  into `submenu`(`kodeSubMenu`,`kodeMenu`,`nama`,`link`,`target`,`level`) values (1,1,'Toko','toko',NULL,NULL),(2,1,'Kantor','kantor',NULL,NULL),(3,1,'EDP Lapangan','lapangan',NULL,NULL),(1,2,'Jadwal EDP Office','jadwal',NULL,NULL),(2,2,'Jadwal EDP Area','jadwal2',NULL,NULL),(1,4,'Manual Book','book',NULL,NULL),(1,5,'Complain Online EDP','192.168.2.158/complainonline','_blank',NULL),(2,5,'Complain Online Non EDP','#','_blank',NULL),(3,5,'Portal HRD',NULL,'_blank',NULL),(4,5,'Approve I-Pulsa','192.168.2.87:7878','_blank',NULL),(5,5,'Monitoring Ikiosk','192.168.2.219:4001','_blank',NULL),(6,5,'MUPClinet / PLN','mup-mandiri.com','_blank',NULL),(7,5,'WordClinet BGR 2',NULL,'_blank',NULL),(1,3,'Complain Online','complain_online',NULL,NULL),(2,3,'Toko Online','toko_online',NULL,NULL),(3,3,'Update Program Toko','update_progtk',NULL,NULL),(4,3,'Data Harian','data_harian',NULL,NULL),(5,3,'Posreltime','posreltime',NULL,NULL),(6,3,'Realisasi Kunjungan','realisasi_kunjungan',NULL,NULL),(7,3,'Hasil Kunjungan','hasil_kunjungan',NULL,NULL),(8,3,'Kaspersky','kaspersky',NULL,NULL),(9,3,'Reporting','reporting',NULL,NULL);

/*Table structure for table `tlp_kantor` */

DROP TABLE IF EXISTS `tlp_kantor`;

CREATE TABLE `tlp_kantor` (
  `dept` varchar(20) DEFAULT NULL,
  `bagian` varchar(50) DEFAULT NULL,
  `pic` varchar(50) DEFAULT NULL,
  `email` varchar(30) DEFAULT NULL,
  `ext` varchar(20) DEFAULT NULL,
  `addtgl` date DEFAULT NULL
) ENGINE=MyISAM DEFAULT CHARSET=latin1;

/*Data for the table `tlp_kantor` */

insert  into `tlp_kantor`(`dept`,`bagian`,`pic`,`email`,`ext`,`addtgl`) values ('BM/DBM','Branch Manager','Muhammad Agus Noviyanto. ST','','1128',NULL),('BM/DBM','Deputy Branch Mgr ','Emelia Lauw','','1177',NULL),('BM/DBM','Operasional Deputy Branch Manager','Hubertus Budiyantoro','','1116',NULL),('BM/DBM','Adm BM','Maria, Patricia','','1117',NULL),('BM/DBM','Adm BM','Indah, Athia','','1170',NULL),('Finance','Finance Mgr','Louis Van Lizbeth Siahaan','','1036',NULL),('Finance','SPV Finance BBK ','Annisa, Pian, Taufik, Reni, Titin, Natasya, Astri','','1021',NULL),('Finance','Finance NHD','Jaya, Wahyu, Yurike, Indah ,Dewi','','1020',NULL),('Finance','Adm Sales','Ugan, Acep, Tina, Ramadhan, Eka, Hamdan, Nur Mila','','1014',NULL),('Finance','Kasir Sales','Sopian, Erma, Ali, Herli, Jul','','1205',NULL),('Finance','Kasir Suplayer','Syahdi, Alex, Fikri','','1041',NULL),('Finance','Petty Cash','Imelda, Indalah','','1095',NULL),('ADMINISTRASI','Adm Mgr','Nila Kurniawati','','1035',NULL),('ADMINISTRASI','Supervisor','Yasir, Munir, Dewi, Rei','','1023',NULL),('ADMINISTRASI','Adm Acc Tax','Ati, Haryadi, Adi','','1022',NULL),('ADMINISTRASI','Adm Acc Tax ','Reza,  Nia, yenni','','1016',NULL),('ADMINISTRASI','Adm Acc Tax','Julfikri, Andre, Aldis, nurul, helmi','','1010',NULL),('ADMINISTRASI','Adm Acc Tax','Octa, Nia, kamal','','1013',NULL),('ADMINISTRASI','Adm Acc Tax','fandi, ato, agi, michelle','','1019',NULL),('Virtual','Virtual Adm Mgr','Sri Winarsih','','1037',NULL),('Virtual','SPV Virtual','Taufik, Agung, Herdiansyah, Arman','','1030',NULL),('Virtual','Virtual Complain','Welih, Farid, Fany, Merlin, Catur,Dede, Firly','','1027',NULL),('GENERAL AFFAIR-GA','PGAD Manager','Rudy Irwanto','','1123',NULL),('GENERAL AFFAIR-GA','GA Purchasing','Sri Yuliawati, Dea, Lela','','1120',NULL),('GENERAL AFFAIR-GA','GA ATK, Asuransi, Kurir','Bubun, Indri, Endang, nisa','','1119',NULL),('GENERAL AFFAIR-GA','GA AC Sewa','sandi, budi, indri','','1999',NULL),('GENERAL AFFAIR-GA','GA Aktiva','Vera, Ollin, ibnu, wisnu','','1125',NULL),('GENERAL AFFAIR-GA','Kendaraan','Nisa, Aldo, Dila,Suadi ','','1122',NULL),('GENERAL AFFAIR-GA','Bengkel','Asep, Widodo, Ichsan, Sawi.','','1045',NULL),('GENERAL AFFAIR-GA','Gudang Aktiva & Acrylic','Jono, Andi, saipul, rusdian, kevin','','1106',NULL),('GENERAL AFFAIR-GA','kardus','yanto, dinar, agus, ano, dedy','','1568',NULL),('GENERAL AFFAIR-GA','Teknisi','Indra, kukuh, dedy, kholis, rudi, jaka, anda','','2000',NULL),('PERSONALIA','Personalia Manager ','Syahlani Salfiansyah','','1546',NULL),('PERSONALIA','SPV Personalia','Nana, Fitri, Suhada, dian','','1032',NULL),('PERSONALIA','Adm Personalia','Ratri, Amdan','','1031',NULL),('PERSONALIA','ACL','Priyo,  Kresna, Sopiyan, Amarda','','1040',NULL),('TRAINING CENTER','SPV TC','Khafidz','','1208',NULL),('TRAINING CENTER','Adm TC','Jhonny, Rindu, Wiwi, Hendar, imam','','1203',NULL),('RECRUITMENT','SPV Recruitment','Tri','','1207',NULL),('RECRUITMENT','Adm Recruitment','Rahardian,  Hafiz, nasrullah','','1206',NULL),('BIC','BIC Manager','Firmansyah','','1107',NULL),('BIC','SPV Inventory','Hendy, hermawan ( CCTV ), Deni, agus','','1109',NULL),('BIC','Adm Inventory','Haerul, Johan, Mulyasin, Remon, Heryuda, hendri','','1112',NULL),('BIC','Inventory Reporting','Safril, Ikhwan, Dwi, suhendry, Ade, Dede,','','1114',NULL),('EDP','EDP Manager','Wasidi','','1108',NULL),('EDP','EDP ALAY','Aris, Taufik, yusuf','','1103',NULL),('EDP','EDP (complain toko)','Wahyu, Nurdin, Dika, Anwar, Rizal, sayyid','','1102',NULL),('EDP','EDP Suport FAD','Anggi, Igam, Budi, Asep, Rai, Rodin, Arif','','1105',NULL),('EDP','EDP Suport Office','Ari, Rizki, Nur','','1104',NULL),('Operator','Operator','Sinta','','1000',NULL),('Operator','Operator','Fitri','','1001',NULL),('Area','Area Manager','Susilo','','1067',NULL),('Area','Area Manager','Wahyu Untung Setyo Utomo','','1069',NULL),('Area','Area Manager','Biantoro Nugroho','','1090',NULL),('Area','Area Manager','Kabul Wijanarko','','1070',NULL),('Area','Area Manager','Irfan Ferdian','','1068',NULL),('Area','Area Manager','Dadang Muharam','','1086',NULL),('Area','Area Manager','Premonera Tanjung Suyanto','','1087',NULL),('Area','Area Manager',' Miftakhul Qishosh','','1089',NULL),('Area','Area Manager','Dianing Sungkowo','','1085',NULL),('Area','Area Manager','Matris Fortunatus','','1088',NULL),('Area','Adm Area','Ellis, Sarah','','1077',NULL),('Area','Adm Area','Hana','','1078',NULL),('DISTRIBUTION CENTRE','DC Manager','Erik Widiyanto','','1306',NULL),('DISTRIBUTION CENTRE','DDC Manager 4 Issuing Delivery','Muchlis','','1301',NULL),('DISTRIBUTION CENTRE','DDC Manager 3 Admin','Ridho Kurniarso Rohadi','','1302',NULL),('DISTRIBUTION CENTRE','DDC Manager 2 Receiving Retur','Heriansyah','','1303',NULL),('DISTRIBUTION CENTRE','DDC Manager 1 Warehouse','Angga Hasbia Sidik','','1304',NULL),('DISTRIBUTION CENTRE','Adm BPB','Sutrisno, Medy, Nurhayati, M. Sahid, Tina, Ronald,','','1305',NULL),('DISTRIBUTION CENTRE','Adm DC, Adm NPB','Johan, Fatah, Danur, Klik, HAri, Indra , Budi','','1307',NULL),('DISTRIBUTION CENTRE','Pengiriman chip delivery','Eka, Dahlia, Ucup, Heri, Ridwan, Yatino, Widodo, T','','1550',NULL),('DISTRIBUTION CENTRE','Pengiriman Fisik Atk, majalah','Wahyu, Dedi','','1189',NULL),('DISTRIBUTION CENTRE','Warehouse','Rudi, Eka, Handoyo, SAIFUL','','1555',NULL),('DISTRIBUTION CENTRE','Receiving Retur','Iwan, Eko, Nanang, Eli','','1561',NULL),('DISTRIBUTION CENTRE','Receiving fisik','Iwan, Eko, Nanang','','1554',NULL),('DISTRIBUTION CENTRE','Roti','Gustav, nia','','1315',NULL),('DISTRIBUTION CENTRE','Stock Claim','Mae, Kasyanto, Hendri, Budi, Irma, Akbar, Arif, Li','','1309',NULL),('DISTRIBUTION CENTRE','CCTV, GAS, SUPPORT','Fahrul, M.Rozak, Lukman, Tri, Badru, Charles, Heri','','1300',NULL),('DISTRIBUTION CENTRE','CCTV, GAS, SUPPORT','Tama, nur hidayat, Deni','','1300',NULL),('DISTRIBUTION CENTRE','Adm Voucher','Aline','','1567',NULL),('DEVELOPMENT','Development Mgr','Wahyudi Respinanto','','1048',NULL),('DEVELOPMENT','Gudang development','Heri, Rudi, Yoga','','1046',NULL),('DEVELOPMENT','Project Dev, Sewa Teras','Hendi, Yupina, Janah, Septi, Dewi, Saiful, Doni','','1055',NULL),('DEVELOPMENT','Promosi, Productifity, Opening','Supriyatno, Mila, Tio, Warsono, Ayu, Ida, Kila, Ca','','1061',NULL),('DEVELOPMENT','Promosi, Productifity, Opening','Ipin, Ferry, Jamal, Haris, agung, aris','','1061',NULL),('LOCATION & LICENSE','Location Manager','Samsuhadi','','1050',NULL),('LOCATION & LICENSE','Location','Ahmadi, Agus, Adem, Haryono, Zaenal, Robi, widodo','','1063',NULL),('LOCATION & LICENSE','License Manager','Wartono','','1051',NULL),('LOCATION & LICENSE','License  ','Yenni, Sarah','','1057',NULL),('PROJECT','Mgr Project','Beta Anton Suseno','','1049',NULL),('PROJECT','SPV Project','Rian, Anggi, Yuli, Astri','','1065',NULL),('PROJECT','Drafter','Ragil, Yuka, Azis, Sony, Hendrycus, Widi, Ivan','','1056',NULL),('PROJECT','Maintenance Manager','Sigit Heru Nugroho','','',NULL),('PROJECT','Maintenance & ME','Adi, Hastin','','1043',NULL),('PROJECT','Maintenance CCTV - Radio','Jamil, Sudar, Sadam, rahmah, zainul','','1044',NULL),('MARKETING FRANCHISE','Manager Marketing Franchise','Lovie Prilly Yolanda','','1545',NULL),('MARKETING FRANCHISE','SPV Marketing Franchise','Ramdani, Budi, Lena. Vina','','1028',NULL),('Muhammad Agus Noviya','','','','021 - 29230457',NULL),('Emelia Lauw','','','','021 - 29230450',NULL),('Hubertus Budiyantoro','','','','021 - 29230460',NULL),('Marketing Franchise','','','','021 - 29230455',NULL),('EDP','','','','021 - 29230466',NULL);

/*Table structure for table `tlp_lapangan` */

DROP TABLE IF EXISTS `tlp_lapangan`;

CREATE TABLE `tlp_lapangan` (
  `kdtk` varchar(4) NOT NULL,
  `nama` varchar(50) DEFAULT NULL,
  `nama_edp` varchar(30) DEFAULT NULL,
  `tlp_edp` varchar(20) DEFAULT NULL,
  `kelurahan` varchar(30) DEFAULT NULL,
  `kecamatan` varchar(30) DEFAULT NULL,
  `addtgl` date DEFAULT NULL
) ENGINE=MyISAM DEFAULT CHARSET=latin1;

/*Data for the table `tlp_lapangan` */

insert  into `tlp_lapangan`(`kdtk`,`nama`,`nama_edp`,`tlp_edp`,`kelurahan`,`kecamatan`,`addtgl`) values ('F00D','SPBU JONGGOL','AZIM','0899-9590359','SUKAMAJU','JONGGOL',NULL),('F07A','H. DIMUN','ARI','083870634040','SUKAMAJU','CILODONG',NULL),('F132','RODA PEMBANGUNAN','IMAN','085776540220','CIBINONG','CIBINONG',NULL),('F15U','KARADENAN','ZAENAL','085772965787','KERADENAN','CIBINONG',NULL),('F16L','NIRWANA ESTATE','IMAN','085776540220','HARAPAN JAYA','CIBINONG',NULL),('F175','GRIYA DEPOK ASRI','RAMADHAN','08977748802','MEKARJAYA','SUKMAJAYA',NULL),('F176','KARTINI DEPOK','RAMADHAN','08977748802','PANCORAN MAS','PANCORAN MAS',NULL),('F177','SUKMAJAYA','ARI','083870634040','SUKMAJAYA','SUKMAJAYA',NULL),('F178','CITEUREUP PAHLAWAN','ARIF','085714255395','KARANG ASEM BARAT','CITEUREUP',NULL),('F180','SENTOSA RAYA','RAMADHAN','08977748802','MEKARJAYA','SUKMAJAYA',NULL),('F19D','CITAYAM BOGOR','ZAENAL','085772965787','PABUARAN','BOJONG GEDE',NULL),('F19G','RIVERSIDE','ASEP','0888-09101420','BOJONG NANGKA','GUNUNG PUTRI',NULL),('F1TU','H. DIMUN RAYA','ARI','083870634040','SUKAMAJU','CILODONG',NULL),('F1TZ','DADI KUSMAYADI','IMAN','085776540220','KARADENAN','CIBINONG',NULL),('F202','KOTA WISATA','ASEP','0888-09101420','CIANGSANA','GUNUNG PUTRI',NULL),('F206','TAMAN BUNGA','ASEP','0888-09101420','SUKATANI','TAPOS',NULL),('F207','MAHAKAM','RAMADHAN','08977748802','BAKTIJAYA','SUKMAJAYA',NULL),('F210','GRIYA BUKIT JAYA','NONO','0888-9042191','TLAJUNG UDIK','GUNUNG PUTRI',NULL),('F252','BOJONG GEDE BARU','ZAENAL','085772965787','KEDUNG WARINGIN','BOJONG GEDE',NULL),('F255','VILLA NUSA INDAH 2','ASEP','0888-09101420','BOJONG KULUR ','GUNUNG PUTRI',NULL),('F28U','KUKUSAN - DEPOK','WEKA','083890930646','KUKUSAN','BEJI',NULL),('F2FL','PERMATA MANSION','LUCKY','081287939527','SERUA','BOJONGSARI',NULL),('F2SE','PERMATA CIMANGGIS','ARI','083870634040','CIMPAEUN ','TAPOS',NULL),('F300','KOTA WISATA 2','ASEP','0888-09101420','LIMUSNUNGGAL','CILEUNGSI',NULL),('F39B','RADEN SALEH 2','ARI','083870634040','SUKMAJAYA','SUKMAJAYA',NULL),('F3EU','MUCHTAR PEMUDA','LUCKY','081287939527','SAWANGAN','SAWANGAN',NULL),('F3P2','KEADILAN DEPOK','RAMADHAN','08977748802','BAKTIJAYA','SUKMAJAYA',NULL),('F3P4','IDF SAWANGAN PARUNG BINGU','ASEP','0888-09101420','RANGKAPAN JAYA BARU','PANCORAN MAS',NULL),('F3SB','MIPA UI','WEKA','083890930646','PONDOK CINA','BEJI',NULL),('F42B','KEJAYAAN RAYA','RAMADHAN','08977748802','ABADI JAYA','SUKMAJAYA',NULL),('F44U','VILLA NUSA INDAH 5','ASEP','0888-09101420','CIANGSANA','GUNUNG PUTRI',NULL),('F46U','KP SAWAH  PONDOK RAJEG','ARI','083870634040','JATIMULYA','CILODONG',NULL),('F47T','CIHERANG SUKATANI','ASEP','0888-09101420','SUKATANI','TAPOS',NULL),('F4CO','BHAKTI ABRI','ASEP','0888-09101420','SUKAMAJU BARU','TAPOS',NULL),('F536','BINTANG MAS','IMAN','085776540220','NANGGEWER','CIBINONG',NULL),('F548','RADAR AURI','FADLI','085891310989','MEKARSARI','CIMANGGIS',NULL),('F552','CITRA INDAH','AZIM','0899-9590359','SUKAMAJU','JONGGOL',NULL),('F553','INKOPAD BOJONG GEDE','ZAENAL','085772965787','SASAK PANJANG','BOJONG GEDE',NULL),('F56G','PENGASINAN','LUCKY','081287939527','PENGASINAN','SAWANGAN',NULL),('F575','JEMBATAN SERONG','ASEP','0888-09101420','CIPAYUNG','CIPAYUNG',NULL),('F57I','ABDUL WAHAB','LUCKY','081287939527','SAWANGAN','SAWANGAN',NULL),('F598','PROKLAMASI 2','RAMADHAN','08977748802','ABADIJAYA','SUKMAJAYA',NULL),('F5AN','PERSATUAN CINERE','LUCKY','081287939527','','',NULL),('F5C9','CIANGSANA 5','ASEP','0888-09101420','CIANGSANA','GUNUNG PUTRI',NULL),('F61A','KALIMULYA','ARI','083870634040','KALIMULYA','CILODONG',NULL),('F61F','TONJONG','ZAENAL','085772965787','TONJONG','BOJONG GEDE',NULL),('F63A','KSU PEMDA','ARI','083870634040','TIRTAJAYA','SUKMAJAYA',NULL),('F64C','SPBU CITAYAM','ASEP','0888-09101420','PONDOK JAYA','CIPAYUNG',NULL),('F664','WAHANA PONDOK GEDE','FADLI','085891310989','JATI RANGGON','JATI SAMPURNA',NULL),('F68K','NORTH POINT','ASEP','0888-09101420','NAGRAK','GUNUNG PUTRI',NULL),('F71A','RODA PEMBANGUNAN 2','IMAN','085776540220','NANGGEWER','CIBINONG',NULL),('F73U','TAMAN METROPOLITAN','NONO','0888-9042191','CILEUNGSI','CILEUNGSI',NULL),('F744','SUKAMAJU BARU','ASEP','0888-09101420','SUKAMAJU BARU','TAPOS',NULL),('F775','MARGONDA RAYA','WEKA','083890930646','PONDOK CINA','BEJI',NULL),('F77Q','SEDAP MALAM','ZAENAL','085772965787','RAGA JAYA','BOJONG GEDE',NULL),('F790','GUNUNG PUTRI','NONO','0888-9042191','TLAJUNG UDIK','GUNUNG PUTRI',NULL),('F7FY','BEDAHAN SAWANGAN','LUCKY','081287939527','BEDAHAN ','SAWANGAN',NULL),('F802','PERMATA DEPOK','ASEP','0888-09101420','PONDOK JAYA','CIPAYUNG',NULL),('F810','RTM TUGU','FADLI','085891310989','TUGU','CIMANGGIS',NULL),('F834','GANDUL RAYA','LUCKY','081287939527','GANDUL','CINERE',NULL),('F853','NIRWANA CIKARET','IMAN','085776540220','HARAPAN JAYA','CIBINONG',NULL),('F86A','PITARA 2','RAMADHAN','08977748802','PANCORAN MAS','PANCORAN MAS',NULL),('F876','NANGGEWER GREAT RIVER','IMAN','085776540220','PAKAN SARI','CIBINONG',NULL),('F878','NUSANTARA 2','WEKA','083890930646','DEPOK JAYA','PANCORAN MAS',NULL),('F885','STASIUN CITAYAM','ZAENAL','085772965787','PABUARAN','BOJONG GEDE',NULL),('F88U','CIANGSANA','ASEP','0888-09101420','BOJONG KULUR ','GUNUNG PUTRI',NULL),('F907','TANAH BARU','WEKA','083890930646','PANCORAN MAS','PANCORAN MAS',NULL),('F908','FRC LIMUS PRATAMA REGENCY','NONO','0888-9042191','LIMUSNUNGGAL','CILEUNGSI',NULL),('F936','LEUWINANGGUNG','ASEP','0888-09101420','LEUWINANGGUNG','TAPOS',NULL),('F93F','NIRWANA 2','IMAN','085776540220','HARAPAN JAYA','CIBINONG',NULL),('F93P','BUKIT WARINGIN','ZAENAL','085772965787','CIMANGGIS','BOJONG GEDE',NULL),('F94U','KRUKUT','WEKA','083890930646','KRUKUT','LIMO',NULL),('F953','PESONA KHAYANGAN','RAMADHAN','08977748802','MEKARJAYA','SUKMAJAYA',NULL),('F95Q','SOMERSET KOTA WISATA','ASEP','0888-09101420','CIANGSANA','GUNUNG PUTRI',NULL),('F960','PURI NIRWANA 3','ZAENAL','085772965787','KARADENAN','CIBINONG',NULL),('F96C','PASIR PUTIH','LUCKY','081287939527','PASIR PUTIH','SAWANGAN',NULL),('F979','GRIYA WARINGIN ELOK','ZAENAL','085772965787','CIMANGGIS','BOJONG GEDE',NULL),('F987','TIRTA MANDALA','ARI','083870634040','SUKAMAJU','CILODONG',NULL),('F9GF','MEKARSARI JONGGOL','AZIM','0899-9590359','MEKARSARI','CILEUNGSI',NULL),('F9VH','PONDOK RAJEG','IMAN','085776540220','PONDOK RAJEG','CIBINONG',NULL),('F9WI','TAJUR CITEUREUP','ARIF','085714255395','TAJUR','CITEUREUP',NULL),('FAD9','INDRAGIRI','RAMADHAN','08977748802','BAKTIJAYA','SUKMAJAYA',NULL),('FAJA','PAHLAWAN CINANGKA','LUCKY','081287939527','CINANGKA','SAWANGAN',NULL),('FATJ','SPBU KERADENAN','ZAENAL','085772965787','KARADENAN','CIBINONG',NULL),('FBA1','MERCEDES 3 WANAHERANG','NONO','0888-9042191','CICADAS','GUNUNG PUTRI',NULL),('FBPE','SEKTOR MELATI','ARI','083870634040','JATIMULYA','CILODONG',NULL),('FBRG','TANAH BARU 3','WEKA','083890930646','BEJI','BEJI',NULL),('FBVT','REDWOOD','NONO','0888-9042191','CIPENJO','CILEUNGSI',NULL),('FBZL','RAWA ILAT Ex T24J','AZIM','0899-9590359','','',NULL),('FC04','BUKIT CENGKEH','FADLI','085891310989','TUGU','CIMANGGIS',NULL),('FC19','KH. M USMAN  KUKUSAN','WEKA','083890930646','KUKUSAN','BEJI',NULL),('FC26','JATI JAJAR','ARI','083870634040','JATIJAJAR','TAPOS',NULL),('FC27','PEDURENAN','IMAN','085776540220','PABUARAN ','CIBINONG',NULL),('FC58','PERMATA CIBUBUR','NONO','0888-9042191','CILEUNGSI KIDUL','CILEUNGSI',NULL),('FDM5','GAPERI','ZAENAL','085772965787','BOJONG GEDE','BOJONG GEDE',NULL),('FDT1','KEMANG ABDUL GANI','ARI','083870634040','KALIBARU','CILODONG',NULL),('FDZY','BANJARAN PUCUNG','ARI','083870634040','CILANGKAP','TAPOS',NULL),('FE04','JATIRANGGA','FADLI','085891310989','JATI RANGGA','JATI SAMPURNA',NULL),('FE30','CIRIMEKAR','IMAN','085776540220','CIBINONG','CIBINONG',NULL),('FE46','CURUG AGUNG','WEKA','083890930646','TANAH BARU','BEJI',NULL),('FE4K','HARVEST CITY','NONO','0888-9042191','CIPENJO','CILEUNGSI',NULL),('FE65','RAYA BOGOR 2','ARI','083870634040','PABUARAN','CIBINONG',NULL),('FE9H','PONDOK RAJEG 2','IMAN','085776540220','PONDOK RAJEG','CIBINONG',NULL),('FEEL','PERMATA DEPOK REGENCY','ASEP','0888-09101420','RATU JAYA','CIPAYUNG',NULL),('FEXQ','KUKUSAN  3','WEKA','083890930646','KUKUSAN','BEJI',NULL),('FEYH','GRIYA ASRI CIBINONG','IMAN','085776540220','TENGAH','CIBINONG',NULL),('FF43','JATIRANGGON','FADLI','085891310989','JATI RANGGON','JATI SAMPURNA',NULL),('FF6X','PERUM TAMAN KENARI','ARIF','085714255395','PUSPASARI','CITEUREUP',NULL),('FFCI','CALISTA RESIDENCE','ZAENAL','085772965787','BOJONG GEDE','BOJONG GEDE',NULL),('FFDR','BUMI SAWANGAN INDAH','LUCKY','081287939527','','',NULL),('FFFZ','RADEN SALEH - DEPOK EX F42L','ARI','083870634040','CILODONG','CILODONG',NULL),('FFV8','LEUWINANGGUNG BUKIT GOLF','ASEP','0888-09101420','LEUWINANGGUNG','TAPOS',NULL),('FG00','CITRA INDAH 2','AZIM','0899-9590359','SUKAMAJU','JONGGOL',NULL),('FG5B','TELAGA GOLF SAWANGAN','LUCKY','081287939527','SAWANGAN','SAWANGAN',NULL),('FGC5','CANADIAN BROADWAY 2','NONO','0888-9042191','LIMUSNUNGGAL','CILEUNGSI',NULL),('FGL0','PANGKALAN JATI RAYA','LUCKY','081287939527','','',NULL),('FGSA','BANJARAN VILLAGE','ARI','083870634040','CIMPAEUN','TAPOS',NULL),('FHEJ','CITRA INDAH FESTIVAL ','AZIM','0899-9590359','SINGAJAYA','JONGGOL',NULL),('FHIU','RUKO ASTER','ARI','083870634040','TIRTAJAYA','SUKMAJAYA',NULL),('FHJL','PASIR PUTIH DEPOK','LUCKY','081287939527','PASIR PUTIH','SAWANGAN',NULL),('FHR2','SAWANGAN RESIDENCE','LUCKY','081287939527','BOJONGSARI','BOJONGSARI',NULL),('FJ5U','APARTEMENT TAMAN MELATI','WEKA','083890930646','PONDOK CINA','BEJI',NULL),('FJVF','PONDOK PETIR RAYA','LUCKY','081287939527','','',NULL),('FK9O','CILANGKAP 3','IMAN','085776540220','CILANGKAP','TAPOS',NULL),('FKF4','PERTANIAN 2','ZAENAL','085772965787','RAGA JAYA','BOJONG GEDE',NULL),('FKMU','BILLABONG','ZAENAL','085772965787','CIMANGGIS','BOJONG GEDE',NULL),('FL07','SUKATANI BOGOR','ASEP','0888-09101420','SUKATANI','TAPOS',NULL),('FL21','RAFFLES HILLS','ASEP','0888-09101420','SUKATANI','TAPOS',NULL),('FL29','CAGAR ALAM DEPOK','RAMADHAN','08977748802','PANCORAN MAS','PANCORAN MAS',NULL),('FL75','GANDUL PLN','LUCKY','081287939527','GANDUL','CINERE',NULL),('FL79','KEMANG SUKATANI','ASEP','0888-09101420','SUKATANI','TAPOS',NULL),('FLRL','PONDOK DUTA RAYA','RAMADHAN','08977748802','BAKTI JAYA','SUKMAJAYA',NULL),('FMQF','TAMAN CIBINONG ASRI','IMAN','085776540220','KARADENAN','CIBINONG',NULL),('FN2I','KEMANG HIJAU','ARI','083870634040','SUKMAJAYA','SUKMAJAYA',NULL),('FO82','TUGU MACAN','ZAENAL','085772965787','RAGA JAYA','BOJONG GEDE',NULL),('FOTJ','VILLA NUSA INDAH BARU 2','ASEP','0888-09101420','BOJONG KULUR','GUNUNG PUTRI',NULL),('FPCI','BANJARAN RESIDENCE','ARI','083870634040','CILANGKAP','TAPOS',NULL),('FPNW','PARUNG SERAB','ARI','083870634040','TIRTAJAYA','SUKMAJAYA',NULL),('FPTJ','KSU TIRTA JAYA','ARI','083870634040','TIRTAJAYA','SUKMAJAYA',NULL),('FPWP','GRIYA SAWANGAN ASRI','LUCKY','081287939527','CURUG','BOJONGSARI',NULL),('FPXP','PEMUDA DEPOK','WEKA','083890930646','DEPOK','PANCORAN MAS',NULL),('FQ08','GOBEL','FADLI','085891310989','MEKARSARI','CIMANGGIS',NULL),('FQ10','SULAWESI RAYA','WEKA','083890930646','BEJI','BEJI',NULL),('FQ11','WIJAYA KUSUMA','FADLI','085891310989','JATI SAMPURNA','JATI SAMPURNA',NULL),('FQ14','JATIMURNI','FADLI','085891310989','JATI RANGGON','JATI SAMPURNA',NULL),('FQ53','FRC GRIYA ALAM SENTOSA','NONO','0888-9042191','PASIRANGIN','CILEUNGSI',NULL),('FQ56','GAS ALAM  2','ASEP','0888-09101420','CURUG','CIMANGGIS',NULL),('FQ65','NUSANTARA KELAPA DUA','FADLI','085891310989','PASIR GUNUNG SELATAN','CIMANGGIS',NULL),('FQR5','PUTRI TUNGGAL 2','FADLI','085891310989','HARJAMUKTI','CIMANGGIS',NULL),('FR07','KRUKUT RAYA 2','WEKA','083890930646','KRUKUT','LIMO',NULL),('FR23','CITRA GRAND 2','ASEP','0888-09101420','JATI KARYA','JATI SAMPURNA',NULL),('FR8Z','KALIMULYA','ARI','083870634040','KALIMULYA','CILODONG',NULL),('FRFQ','RADEN SANIM','WEKA','083890930646','TANAH BARU','BEJI',NULL),('FRH8','PERDAGANGAN 2','ZAENAL','085772965787','BOJONG BARU','BOJONG GEDE',NULL),('FRMW','BUMI MUTIARA 2','ASEP','0888-09101420','BOJONG KULUR','GUNUNG PUTRI',NULL),('FRO7','JATIKARYA','FADLI','085891310989','JATI KARYA','JATI SAMPURNA',NULL),('FRT5','PERPUSTAKAAN UI','WEKA','083890930646','BEJI TIMUR','BEJI',NULL),('FRX9','BHAKTI YUDA','WEKA','083890930646','PANCORAN MAS','PANCORAN MAS',NULL),('FS1J','PAMULANG ELOK','LUCKY','081287939527','SERUA','BOJONGSARI',NULL),('FSEU','RAWA DENOK','ASEP','0888-09101420','RANGKAPAN JAYA BARU','PANCORAN MAS',NULL),('FSZK','SEKTOR 7 METLAND (F)','NONO','0888-9042191','CIPENJO','CILEUNGSI',NULL),('FT44','GRAHA PUSPASARI','ARIF','085714255395','PUSPASARI','CITEUREUP',NULL),('FT9I','TARI KOLOT 3','ARIF','085714255395','TARI KOLOT','CITEUREUP',NULL),('FTA8','BRIGJEN DHARSONO','AZIM','0899-9590359','CARIU','CARIU',NULL),('FTIH','GRIYA LEMBAH DEPOK','ARI','083870634040','MEKARJAYA','SUKMAJAYA',NULL),('FTVG','RAMBUTAN DEPOK','WEKA','083890930646','DEPOK JAYA','PANCORAN MAS',NULL),('FU2R','PURI PESONA CIPAYUNG','ASEP','0888-09101420','BOJONG PONDOK TERONG','CIPAYUNG',NULL),('FU2T','METLAND CILEUNGSI','NONO','0888-9042191','CIPENJO','CILEUNGSI',NULL),('FUAU','RUKO CINERE','LUCKY','081287939527','LIMO','CINERE',NULL),('FUQT','SIMPANG AURI','FADLI','085891310989','MEKARSARI','CIMANGGIS',NULL),('FVQS','LETDA NASIR 2','ASEP','0888-09101420','NAGRAK','GUNUNG PUTRI',NULL),('FVR6','GRIYA MEKAR SARI','FADLI','085891310989','MEKARSARI','CIMANGGIS',NULL),('FWL8','CICADAS WANAHERANG','NONO','0888-9042191','CICADAS','GUNUNG PUTRI',NULL),('FWZB','LEUWINANGGUNG 2','ASEP','0888-09101420','LEUWINANGGUNG','TAPOS',NULL),('FX24','BOJONG CITEUREUP','ARIF','085714255395','CITEUREUP','CITEUREUP',NULL),('FX9G','WIJAYA KUSUMA 2','FADLI','085891310989','JATI SAMPURNA','JATI SAMPURNA',NULL),('FXSW','MELATI','WEKA','083890930646','DEPOK JAYA','PANCORAN MAS',NULL),('FY04','KENARI NUSANTARA','ASEP','0888-09101420','','',NULL),('FY2A','JAMBORE DEPOK','FADLI','085891310989','HARJA MUKTI','CIMANGGIS',NULL),('FY9F','JATIRANGGA WETAN','FADLI','085891310989','JATI RANGGA','JATI SAMPURNA',NULL),('FYA9','TAPOS 2','ASEP','0888-09101420','TAPOS','TAPOS',NULL),('FYKB','NORTH POINT 2','ASEP','0888-09101420','NAGRAK','GUNUNG PUTRI',NULL),('FYVT','GRAND KAHURIPAN 2','AZIM','0899-9590359','KLAPANUNGGAL','KLAPANUNGGAL',NULL),('FZA6','CIBUBUR COUNTRY 2','ASEP','0888-09101420','CIKEAS UDIK','GUNUNG PUTRI',NULL),('FZZ0','KAUM PANDAK','IMAN','085776540220','KARADENAN','CIBINONG',NULL),('KDTK','NAMA TOKO','personil','','KELURAHAN','KECAMATAN',NULL),('R001','LIMUS PRATAMA','NONO','0888-9042191','LIMUSNUNGGAL','CILEUNGSI',NULL),('R006','MAYOR OKING','IMAN','085776540220','CIRIUNG','CIBINONG',NULL),('R014','CITEUREUP INDAH','ARIF','085714255395','PUSPANEGARA','CITEUREUP',NULL),('R020','LUCKY ABADI','FADLI','085891310989','TUGU','CIMANGGIS',NULL),('R021','KEMAKMURAN','RAMADHAN','08977748802','MEKARJAYA','SUKMAJAYA',NULL),('R055','BOJONG','ZAENAL','085772965787','BOJONG GEDE','BOJONG GEDE',NULL),('R070','SUKAHATI','IMAN','085776540220','SUKAHATI','CIBINONG',NULL),('R072','TIGA BERLIAN MEKARSARI','FADLI','085891310989','MEKARSARI','CIMANGGIS',NULL),('R074','PABUARAN CITAYAM','ZAENAL','085772965787','PABUARAN','BOJONG GEDE',NULL),('R075','PASAR CITAYAM','ZAENAL','085772965787','BOJONG PONDOK TERONG','CIPAYUNG',NULL),('R076','GANDOANG','AZIM','0899-9590359','MAMPIR','CILEUNGSI',NULL),('R077','JONGGOL','AZIM','0899-9590359','JONGGOL','JONGGOL',NULL),('R078','KLAPA NUNGGAL','AZIM','0899-9590359','KLAPANUNGGAL','KLAPANUNGGAL',NULL),('R080','RAGA JAYA','ZAENAL','085772965787','RAGA JAYA','BOJONG GEDE',NULL),('R085','CIANGSANA','ASEP','0888-09101420','CIANGSANA ','GUNUNG PUTRI',NULL),('R089','WANAHERANG','NONO','0888-9042191','WANAHERANG','GUNUNG PUTRI',NULL),('R116','CRM CILEUNGSI ELOK','NONO','0888-9042191','LIMUSNUNGGAL','CILEUNGSI',NULL),('R29A','BUKIT CENGKEH','FADLI','085891310989','TUGU','CIMANGGIS',NULL),('R44P','CRM LEMBAH HIJAU','FADLI','085891310989','MEKARSARI','CIMANGGIS',NULL),('RECG','BUANA ASRI','IMAN','085776540220','NANGGEWER','CIBINONG',NULL),('RHUE','CRM PERMATA DEPOK','ASEP','0888-09101420','PONDOK JAYA','CIPAYUNG',NULL),('RJPU','CRM CITRA INDAH','AZIM','0899-9590359','SUKAMAJU','JONGGOL',NULL),('RT13','KAUM JONGGOL','AZIM','0899-9590359','SUKAMAJU','JONGGOL',NULL),('RXA6','TAMAN RAYA CITAYAM','ZAENAL','085772965787','RAWA PANJANG','BOJONG GEDE',NULL),('RZ6J','KEMAKMURAN CILODONG','ARI','083870634040','KALIBARU','CILODONG',NULL),('T01J','JASA WARGA','RAMADHAN','08977748802','BAKTI JAYA','SUKMAJAYA',NULL),('T03J','KEMAKMURAN','RAMADHAN','08977748802','MEKARJAYA','SUKMAJAYA',NULL),('T04K','CITRA INDAH TOWN SQUARE','AZIM','0899-9590359','CIPEUCANG','CILEUNGSI',NULL),('T057','VILLA NUSA INDAH I','ASEP','0888-09101420','BOJONGKULUR','GUNUNG PUTRI',NULL),('T05J','PERSATUAN CINERE','LUCKY','081287939527','CINERE','CINERE',NULL),('T05K','PONDOK TERONG','ASEP','0888-09101420','BOJONG PONDOK TERONG ','CIPAYUNG',NULL),('T063','GRIYA KENARI MAS','NONO','0888-9042191','CILEUNGSI KIDUL','CILEUNGSI',NULL),('T06J','CARIU','AZIM','0899-9590359','CARIU','CARIU',NULL),('T06K','BOJONG GEDE','ZAENAL','085772965787','BOJONG GEDE','BOJONG GEDE',NULL),('T076','PROKLAMASI','RAMADHAN','08977748802','MEKARJAYA','SUKMAJAYA',NULL),('T07J','IDM TAMAN CILEUNGSI','NONO','0888-9042191','PASIRANGIN','CILEUNGSI',NULL),('T07K','RIDWAN RAIS 2','WEKA','083890930646','BEJI TIMUR ','BEJI',NULL),('T08J','IDM AREN CILEUNGSI','NONO','0888-9042191','LIMUSNUNGGAL','CILEUNGSI',NULL),('T08K','ALTERNATIF CIBUBUR 2','FADLI','085891310989','JATI SAMPURNA','JATI SAMPURNA',NULL),('T094','PELNI','RAMADHAN','08977748802','BAKTIJAYA','SUKMAJAYA',NULL),('T11K',' TARI KOLOT 2','ARIF','085714255395','TARI KOLOT','CITEUREUP',NULL),('T145','PANGKALAN JATI','LUCKY','081287939527','PANGKALAN JATI','CINERE',NULL),('T14J','PARUNG CURUG','LUCKY','081287939527','CURUG','BOJONGSARI',NULL),('T15J','BAMBON  RAYA','WEKA','083890930646','BEJI','BEJI',NULL),('T1DS','MUTIARA DARUSALAM','ZAENAL','085772965787','WARINGIN JAYA','BOJONG GEDE',NULL),('T1K9','GOR PEMDA','ARIF','085714255395','PAKANSARI','CIBINONG',NULL),('T1PI','CONV POINT STASIUN BOJONG GEDE','ZAENAL','085772965787','BOJONG GEDE','BOJONG GEDE',NULL),('T1VU','SENKOM AMSTERDAM','ASEP','0888-09101420','CIANGSANA','GUNUNG PUTRI',NULL),('T20G','CITRA GRAND 3','ASEP','0888-09101420','JATI KARYA','JATI SAMPURNA',NULL),('T218','A.R.H. DEPOK','WEKA','083890930646','BEJI','BEJI',NULL),('T21J','AKSES UI 3','FADLI','085891310989','TUGU','CIMANGGIS',NULL),('T22K','TOLE ISKANDAR  5','ARI','083870634040','SUKMAJAYA','SUKMAJAYA',NULL),('T23K','SPBU CINERE','LUCKY','081287939527','PANGKALAN JATI','CINERE',NULL),('T24J','RAWA ILAT','AZIM','0899-9590359','DAYEUH','CILEUNGSI',NULL),('T24K','PERTANIAN','ASEP','0888-09101420','CIPAYUNG','CIPAYUNG',NULL),('T25J','SENTOSA 2','RAMADHAN','08977748802','MEKARJAYA','SUKMAJAYA',NULL),('T25V','JATI RANGGON 3','FADLI','085891310989','JATIRANGGON','JATI SAMPURNA',NULL),('T264','KEJAYAAN DEPOK II','RAMADHAN','08977748802','ABADIJAYA','SUKMAJAYA',NULL),('T26J','PASAR GANDOANG','AZIM','0899-9590359','GANDOANG','CILEUNGSI',NULL),('T27J','MARGONDA 198','WEKA','083890930646','KEMIRI MUKA','BEJI',NULL),('T28J','H. NAWI MALIK','LUCKY','081287939527','PONDOK PETIR','SAWANGAN',NULL),('T28T','MAYOR OKING 4','ARIF','085714255395','PUSPANEGARA','CITEUREUP',NULL),('T2MR','SAWANGAN ELOK','LUCKY','081287939527','DUREN SERIBU','BOJONGSARI',NULL),('T2NE','SPBU TRANS YOGIE','ASEP','0888-09101420','','',NULL),('T2NN','RAYA KARTINI','RAMADHAN','08977748802','DEPOK','PANCORAN MAS',NULL),('T2WI','VILLA NUSA INDAH RAYA','ASEP','0888-09101420','BOJONG KULUR','GUNUNG PUTRI',NULL),('T31K','KARTINI 2','RAMADHAN','08977748802','DEPOK','PANCORAN MAS',NULL),('T32D','PITARA 3','RAMADHAN','08977748802','PANCORAN MAS','PANCORAN MAS',NULL),('T34K','KLAPA NUNGGAL','AZIM','0899-9590359','KLAPANUNGGAL','KLAPANUNGGAL',NULL),('T35K','IDM GRIYA ALAM SENTOSA 2','NONO','0888-9042191','PASIRANGIN','CILEUNGSI',NULL),('T3AK','PEKAPURAN  2','ASEP','0888-09101420','SUKATANI','TAPOS',NULL),('T3K3','KEMBANG BEJI','WEKA','083890930646','BEJI','BEJI',NULL),('T3LS','TANAH BARU 2 DEPOK','WEKA','083890930646','TANAH BARU','BEJI',NULL),('T3RI','KARADENAN 3','IMAN','085776540220','SUKAHATI','CIBINONG',NULL),('T3VW','RTM TUGU INDAH','FADLI','085891310989','TUGU','CIMANGGIS',NULL),('T40D','KRUKUT 3','WEKA','083890930646','KRUKUT','LIMO',NULL),('T42L','PABUARAN ','ZAENAL','085772965787','PABUARAN ','BOJONG GEDE',NULL),('T45K','RAYA BOGOR 34','WEKA','083890930646','SUKAMAJU BARU','TAPOS',NULL),('T46J','HANKAM-KRANGGAN','FADLI','085891310989','JATI RADEN','JATI SAMPURNA',NULL),('T47J','R.SANIM','WEKA','083890930646','TANAH BARU','BEJI',NULL),('T4KR','Cinangka Sawangan','LUCKY','081287939527','','',NULL),('T4RP','CAGAK GUNUNG PUTRI','NONO','0888-9042191','GUNUNG PUTRI','GUNUNG PUTRI',NULL),('T52K','LAFRAN PANE','RAMADHAN','08977748802','BAKTIJAYA','SUKMAJAYA',NULL),('T5B8','BOGOR ASRI','IMAN','085776540220','NANGGEWER','CIBINONG',NULL),('T5BD','GARUDA  RAYA','FADLI','085891310989','PASIR GUNUNG  SELATAN','CIMANGGIS',NULL),('T5D7','PONDOK PETIR','LUCKY','081287939527','PONDOK PETIR','SAWANGAN',NULL),('T5SD','PAHLAWAN SANJA CITEUREUP','ARIF','085714255395','SANJA','CITEUREUP',NULL),('T5WU','LIMO RAYA','WEKA','083890930646','LIMO','LIMO',NULL),('T5ZG','SPBU Kampung Sawah','FADLI','085891310989','','',NULL),('T60K','AKSES UI 4','FADLI','085891310989','TUGU','CIMANGGIS',NULL),('T60L','BETAWI PERMAI','FADLI','085891310989','JATI RANGGA','JATI SAMPURNA',NULL),('T65T','PONDOK PETIR RAYA','LUCKY','081287939527','PONDOK PETIR','BOJONGSARI',NULL),('T66B','KALI LICIN','RAMADHAN','08977748802','PANCORAN MAS','PANCORAN MAS',NULL),('T6NX','SPBU MAYOR OKING','ARIF','085714255395','CIRIUNG','CIBINONG',NULL),('T6SI','DE ROSE GDC','ARI','083870634040','KALIBARU','CILODONG',NULL),('T719','MAYOR OKING 2','IMAN','085776540220','CIRIUNG','CIBINONG',NULL),('T749','CILANGKAP BOGOR','IMAN','085776540220','PABUARAN','CIBINONG',NULL),('T75D','JAMBU DEPOK','LUCKY','081287939527','KEDAUNG ','SAWANGAN',NULL),('T75Q','KEADILAN SAWANGAN','RAMADHAN','08977748802','RANGKAPAN JAYA BARU','PANCORAN MAS',NULL),('T77O','TOLE ISKANDAR 1','ARI','083870634040','SUKAMAJU','CILODONG',NULL),('T793','JAMUJU','RAMADHAN','08977748802','BAKTIJAYA','SUKMAJAYA',NULL),('T798','TARI KOLOT','ARIF','085714255395','TARI KOLOT','CITEUREUP',NULL),('T7FE','CINERE RAYA','LUCKY','081287939527','','',NULL),('T7OI','GRIYA PERSADA','ARIF','085714255395','KARANG ASEM BARAT','CITEUREUP',NULL),('T7UQ','PLUS ALTERNATIF CIBUBUR 3','ASEP','0888-09101420','NAGRAK','GUNUNG PUTRI',NULL),('T7VL','GRAND CIBUBUR','FADLI','085891310989','JATI SAMPURNA','JATI SAMPURNA',NULL),('T82T','BAMBU KUNING 2','ZAENAL','085772965787','BOJONG BARU','BOJONG GEDE',NULL),('T8IS','JATIRANGGON 2','FADLI','085891310989','JATI RANGGON','JATI SAMPURNA',NULL),('T8JG','NAROGONG KM 26','NONO','0888-9042191','KLAPANUNGGAL','KLAPANUNGGAL',NULL),('T8QZ','PASIR ANGIN','NONO','0888-9042191','PASIRANGIN','CILEUNGSI',NULL),('T8YG','TRANS YOGIE','NONO','0888-9042191','CILEUNGSI KIDUL','CILEUNGSI',NULL),('T91D','MAMPANG SAWANGAN','RAMADHAN','08977748802','MAMPANG','PANCORAN MAS',NULL),('T93D','RAYA BOGOR 40','IMAN','085776540220','PABUARAN','CIBINONG',NULL),('T93T','DUTA MEKAR ASRI','NONO','0888-9042191','CILEUNGSI KIDUL','CILEUNGSI',NULL),('T95D','WISMA CINERE','LUCKY','081287939527','CINERE','CINERE',NULL),('T96B','MUCHTAR RAYA','LUCKY','081287939527','SAWANGAN','BOJONGSARI',NULL),('T96K','JATI SAMPURNA','FADLI','085891310989','JATI SAMPURNA','JATI SAMPURNA',NULL),('T96N','SIMPANG KAMURANG','ARIF','085714255395','PUSPA NEGARA','CITEUREUP',NULL),('T99T','CIPEUCANG','AZIM','0899-9590359','CIPEUCANG','CILEUNGSI',NULL),('T9J6','RAYA LANBAU','ARIF','085714255395','KARANG ASEM BARAT','CITEUREUP',NULL),('T9OT','BABAKAN RAYA','NONO','0888-9042191','DAYEUH','CILEUNGSI',NULL),('T9TH','CIANGSANA 3','ASEP','0888-09101420','BOJONG KULUR','GUNUNG PUTRI',NULL),('T9VN','GRAND KAHURIPAN','AZIM','0899-9590359','KLAPANUNGGAL','KLAPANUNGGAL',NULL),('TA2P','KYOTO','ASEP','0888-09101420','NAGRAK','GUNUNG PUTRI',NULL),('TA5P','CIKARET','IMAN','085776540220','HARAPAN JAYA','CIBINONG',NULL),('TA8P','AL BALIYAH','IMAN','085776540220','PABUARAN ','CIBINONG',NULL),('TAD1','METLAND TRANSYOGI','NONO','0888-9042191','CILEUNGSI KIDUL','CILEUNGSI',NULL),('TAGP','BABAKAN TARI KOLOT ','ARIF','085714255395','TARI KOLOT','CITEUREUP',NULL),('TAOB','SPBU CIANGSANA','ASEP','0888-09101420','CIANGSANA','GUNUNG PUTRI',NULL),('TARB','ABDUL GHANI 2','ARI','083870634040','JATIMULYA','CILODONG',NULL),('TB45','PURI ARTHA SENTOSA','ZAENAL','085772965787','WARINGIN JAYA','BOJONG GEDE',NULL),('TB72','MARGONDA RESIDENCE','WEKA','083890930646','PONDOK CINA','BEJI',NULL),('TB73','NATERMAN','ARI','083870634040','JATIJAJAR','TAPOS',NULL),('TBG1','KARADENAN SUKAHATI','IMAN','085776540220','SUKAHATI','CIBINONG',NULL),('TBIP','PONDOK DUTA','RAMADHAN','08977748802','TUGU','CIMANGGIS',NULL),('TBR4','SAWANGAN TUGU','LUCKY','081287939527','SAWANGAN BARU','SAWANGAN',NULL),('TBS6','BUMI MUTIARA','ASEP','0888-09101420','BOJONG KULUR ','GUNUNG PUTRI',NULL),('TC0W','ASMAWI DEPOK','WEKA','083890930646','BEJI','BEJI',NULL),('TC0X','RAYA ABDUL WAHAB','LUCKY','081287939527','SAWANGAN','SAWANGAN',NULL),('TC2F','ALTERNATIF CIBUBUR','FADLI','085891310989','HARJAMUKTI','CIMANGGIS',NULL),('TC4E','GANG LANGGAR','ZAENAL','085772965787','RAWA PANJANG','BOJONG GEDE',NULL),('TC7K','CIBINONG CITY CENTER','ARIF','085714255395','PAKANSARI','CIBINONG',NULL),('TCE7','GUNUNG PUTRI PERMAI','NONO','0888-9042191','KARANGGAN','GUNUNG PUTRI',NULL),('TCE8','LETNAN NATSIR WANAHERANG','NONO','0888-9042191','WANAHERANG','GUNUNG PUTRI',NULL),('TCKW','IDM SIMPANG CIBUCIL','AZIM','0899-9590359','SUKAMANAH','JONGGOL',NULL),('TCOJ','MAYOR OKING 5','IMAN','085776540220','CIRIMEKAR','CIBINONG',NULL),('TD0K','INDOCEMENT 2','ARIF','085714255395','GUNUNG PUTRI','GUNUNG PUTRI',NULL),('TD0V','PERINTIS WARINGIN','ZAENAL','085772965787','KEDUNG WARINGIN','BOJONG GEDE',NULL),('TD0X','RAYA CARIU','AZIM','0899-9590359','TEGALPANJANG','CARIU',NULL),('TD12','GAS ALAM','ASEP','0888-09101420','CURUG','CIMANGGIS',NULL),('TD18','PALAKALI RATA','WEKA','083890930646','KUKUSAN','BEJI',NULL),('TD4P','METLAND CILEUNGSI BOULEVARD','NONO','0888-9042191','','',NULL),('TD63','PRAMUKA MAMPANG','RAMADHAN','08977748802','MAMPANG','PANCORAN MAS',NULL),('TDFP','RAYA SENTUL 2','ARIF','085714255395','LEUWINUTUG','CITEUREUP',NULL),('TDHN','CARINGIN DEPOK','RAMADHAN','08977748802','RANGKAPAN JAYA','PANCORAN MAS',NULL),('TDMV','RAYA BOGOR KM 47','ARIF','085714255395','NANGGEWER','CIBINONG',NULL),('TDNB','EXIT TOL CIMANGGIS','ASEP','0888-09101420','TAPOS','TAPOS',NULL),('TDUC','CITRA INDAH RAYA','AZIM','0899-9590359','SUKAMAJU','JONGGOL',NULL),('TDVH','Terusan H Nawi Malik','LUCKY','081287939527','','',NULL),('TE4C','CIANGSANA 2','ASEP','0888-09101420','CIANGSANA ','GUNUNG PUTRI',NULL),('TE6C','FRESH MARKET','ASEP','0888-09101420','CIANGSANA','GUNUNG PUTRI',NULL),('TECA','PEKAPURAN - CMG','FADLI','085891310989','CURUG','CIMANGGIS',NULL),('TF0F','POINT SENTRA MEDIKA CIBINONG','ARIF','085714255395','CIRIMEKAR','CIBINONG',NULL),('TF0K','SAWANGAN BOJONGSARI','LUCKY','081287939527','BOJONGSARI','BOJONGSARI',NULL),('TF2P','NEWTON SQUARE','ASEP','0888-09101420','NAGRAK','GUNUNG PUTRI',NULL),('TFEC','KAMPUNG BULAK CIPAYUNG','ASEP','0888-09101420','CIPAYUNG','CIPAYUNG',NULL),('TFYD','MAGONDA','WEKA','083890930646','PONDOK CINA','BEJI',NULL),('TG9G','ALTERNATIF PEMDA','ARIF','085714255395','PAKANSARI','CIBINONG',NULL),('TG9U','CIKEAS COUNTRY','ASEP','0888-09101420','BOJONG NANGKA','GUNUNG PUTRI',NULL),('TGBP','GRIYA CINERE','WEKA','083890930646','LIMO','LIMO',NULL),('TGGO','TOLE ISKANDAR II','ARI','083870634040','SUKAMAJU','CILODONG',NULL),('TGX4','RAYA BOGOR KM 44','ARIF','085714255395','PAKANSARI','CIBINONG',NULL),('TH1Q','PRAMUKA','RAMADHAN','08977748802','MAMPANG','PANCORAN MAS',NULL),('TH2X','PASIR TANJUNG','AZIM','0899-9590359','PASIRTANJUNG','TANJUNGSARI',NULL),('TH9C','KARANGGAN RAYA','ARIF','085714255395','KARANGGAN','GUNUNG PUTRI',NULL),('THBG','KRANGGAN EX FQ54','FADLI','085891310989','JATI SAMPURNA','JATI SAMPURNA',NULL),('THCL','CIKEAS PILAR','ASEP','0888-09101420','CIKEAS UDIK','GUNUNG PUTRI',NULL),('THDW','TENGSAW CITEUREUP','ARIF','085714255395','TARIKOLOT','CITEUREUP',NULL),('THJQ','CIKEAS WANAHERANG','NONO','0888-9042191','CIKEAS UDIK','GUNUNG PUTRI',NULL),('THXY','TAPOS 3','ASEP','0888-09101420','TAPOS','TAPOS',NULL),('THYL','BUMI SAWANGAN INDAH','LUCKY','081287939527','PENGASINAN','SAWANGAN',NULL),('TI0E','GRAND NUSA INDAH','AZIM','0899-9590359','MAMPIR','CILEUNGSI',NULL),('TI35','STUDIO ALAM','ARI','083870634040','SUKMAJAYA','SUKMAJAYA',NULL),('TIOI','LURAH NAMAT RAYA ','FADLI','085891310989','','',NULL),('TIPX','VILLA NUSA INDAH BARU','ASEP','0888-09101420','BOJONG KULUR','GUNUNG PUTRI',NULL),('TIQ8','PABUARAN INDAH','IMAN','085776540220','PABUARAN','CIBINONG',NULL),('TITV','RAYA BOGOR KM 32','ASEP','0888-09101420','CURUG','CIMANGGIS',NULL),('TJ06','RADAR AURI 2','FADLI','085891310989','MEKARSARI','CIMANGGIS',NULL),('TJ11','Alt. CIBUBUR NAGRAK','ASEP','0888-09101420','','',NULL),('TJ26','DUTA PELNI - TJ26','RAMADHAN','08977748802','CISALAK','SUKMAJAYA',NULL),('TJ35','PITARA','RAMADHAN','08977748802','PANCORAN MAS','PANCORAN MAS',NULL),('TJ39','PARUNG BINGUNG 2','RAMADHAN','08977748802','RANGKAPAN JAYA BARU','PANCORAN MAS',NULL),('TJ3T','ALTERNATIF CIBUBUR 5','ASEP','0888-09101420','NAGRAK','GUNUNG PUTRI',NULL),('TJ44','CITRA GRAND','ASEP','0888-09101420','JATI KARYA','JATI SAMPURNA',NULL),('TJ48','DHARMA PUTRA','ARI','083870634040','CILODONG','CILODONG',NULL),('TJ49','MARGONDA 7A','WEKA','083890930646','DEPOK ','PANCORAN MAS',NULL),('TJ57','RIDWAN RAIS','WEKA','083890930646','BEJI TIMUR','BEJI',NULL),('TJ63','KEBAHAGIAAN 2','RAMADHAN','08977748802','ABADIJAYA','SUKMAJAYA',NULL),('TJ76','SENTRA MEDIKA','FADLI','085891310989','CISALAK','SUKMAJAYA',NULL),('TJ81','BUKIT SAWANGAN INDAH','LUCKY','081287939527','DUREN MEKAR','BOJONGSARI',NULL),('TJ82','SANYO  DEPOK','WEKA','083890930646','SUKAMAJU BARU','TAPOS',NULL),('TJ87','RATU JAYA','ASEP','0888-09101420','RATU JAYA','CIPAYUNG',NULL),('TJ93','CISALAK','RAMADHAN','08977748802','CISALAK','SUKMAJAYA',NULL),('TJ94','BUKIT RIVARIA','LUCKY','081287939527','SAWANGAN BARU','SAWANGAN',NULL),('TJ95','GANDUL 2','LUCKY','081287939527','GANDUL','CINERE',NULL),('TJ97','AKSES UI  2','FADLI','085891310989','TUGU','CIMANGGIS',NULL),('TJ98','KUKUSAN 2','WEKA','083890930646','KUKUSAN','BEJI',NULL),('TJTD','HANKAM JATI SAMPURNA','FADLI','085891310989','JATI SAMPURNA','JATI SAMPURNA',NULL),('TK17','NAROGONG DAYEUH','NONO','0888-9042191','DAYEUH','CILEUNGSI',NULL),('TK78','WIJAYA KUSUMA','LUCKY','081287939527','CINERE','CINERE',NULL),('TK79','PANGKALAN JATI RAYA','LUCKY','081287939527','PANGKALAN JATI','CINERE',NULL),('TKAC','BAMBU KUNING PERMAI','ZAENAL','085772965787','BOJONG GEDE','BOJONG GEDE',NULL),('TKIT','TANJUNG RASA','AZIM','0899-9590359','TANJUNGRASA','TANJUNGSARI',NULL),('TKY7','MEGAPOLITAN LIMO','WEKA','083890930646','LIMO','LIMO',NULL),('TKZ1','BOULEVARD CIMANGGIS','ASEP','0888-09101420','TAPOS','TAPOS',NULL),('TKZ2','KAPITAN CIMANGGIS 2','ASEP','0888-09101420','SUKATANI','TAPOS',NULL),('TL2A','PUTRI TUNGGAL','FADLI','085891310989','HARJA MUKTI','CIMANGGIS',NULL),('TL3V','GRAND MUTIARA','FADLI','085891310989','JATI RADEN','JATI SAMPURNA',NULL),('TL74','PAHYANGAN RAWA DOLAR','FADLI','085891310989','JATI RADEN','JATI SAMPURNA',NULL),('TL75','RTM KELAPA DUA','FADLI','085891310989','TUGU ','CIMANGGIS',NULL),('TL78','TAMAN BUKIT ASRI','IMAN','085776540220','PABUARAN','CIBINONG',NULL),('TL81','NUSANTARA DEPOK','RAMADHAN','08977748802','DEPOK JAYA','PANCORAN MAS',NULL),('TL82','KERADENAN 2','IMAN','085776540220','KARADENAN','CIBINONG',NULL),('TLHS','SUKAHATI','IMAN','085776540220','SUKAHATI','CIBINONG',NULL),('TLJL','RAYA BOGOR KM 48','ARIF','085714255395','NANGGEWER','CIBINONG',NULL),('TLOO','SETU CILANGKAP','IMAN','085776540220','CILANGKAP','TAPOS',NULL),('TLS1','SAWANGAN RAYA','RAMADHAN','08977748802','MAMPANG','PANCORAN MAS',NULL),('TM7P','MAYOR OKING CITEUREUP','ARIF','085714255395','PUSPANEGARA','CITEUREUP',NULL),('TM7W','KARANG ASEM BARAT','ARIF','085714255395','KARANG ASEM BARAT','CITEUREUP',NULL),('TMMB','CARIU 2','AZIM','0899-9590359','CARIU','CARIU',NULL),('TNBY','CITRA INDAH SQUARE','AZIM','0899-9590359','CIPEUCANG','CILEUNGSI',NULL),('TNC6','PARPOSTEL BOJONG KULUR','ASEP','0888-09101420','BOJONG KULUR','GUNUNG PUTRI',NULL),('TNH3','KARADENAN 5','IMAN','085776540220','SUKAHATI','CIBINONG',NULL),('TNNO','NAROGONG PTSC','NONO','0888-9042191','CILEUNGSI','CILEUNGSI',NULL),('TNRZ','CINANGKA RAYA','LUCKY','081287939527','KEDAUNG','SAWANGAN',NULL),('TNSB','PASIR PUTIH SAWANGAN','LUCKY','081287939527','PASIR PUTIH','SAWANGAN',NULL),('TNV5','CIANGSANA BOJONG KULUR','ASEP','0888-09101420','','',NULL),('TO9V','JATI SAMPURNA 2','FADLI','085891310989','JATI SAMPURNA','JATI SAMPURNA',NULL),('TOBB','SIMPANG KARANGGAN','ARIF','085714255395','PUSPASARI','CITEUREUP',NULL),('TOF0','SENKOM PARIS','ASEP','0888-09101420','CIANGSANA','GUNUNG PUTRI',NULL),('TOF6','KAMPUNG SAWAH 3','FADLI','085891310989','JATI RANGGON','JATI SAMPURNA',NULL),('TOFD','BOJONGSARI','LUCKY','081287939527','BOJONGSARI','BOJONGSARI',NULL),('TOZN','CONCORDIA KOTA WISATA','ASEP','0888-09101420','CIANGSANA','GUNUNG PUTRI',NULL),('TP02','CITEREUP INDOCEMENT','ARIF','085714255395','PUSPANEGARA','CITEUREUP',NULL),('TP05','PAHLAWAN KARANG ASEM','ARIF','085714255395','KARANG ASEM BARAT','CITEUREUP',NULL),('TP08','LEUWINUTUG','ARIF','085714255395','LEUWINUTUG','CITEUREUP',NULL),('TP14','CIPAYUNG','IMAN','085776540220','TENGAH','CIBINONG',NULL),('TP31','BUMI SENTOSA','IMAN','085776540220','NANGGEWER','CIBINONG',NULL),('TP32','KAMPUNG GEDONG','ZAENAL','085772965787','BOJONG GEDE','BOJONG GEDE',NULL),('TP64','CIKEAS','ASEP','0888-09101420','NAGRAK','GUNUNG PUTRI',NULL),('TP6E','ROYAL MATOA','WEKA','083890930646','KRUKUT','LIMO',NULL),('TPA0','SETU  PEDONGKELEN','FADLI','085891310989','TUGU','CIMANGGIS',NULL),('TPA4','GUNUNG PUTRI 2','NONO','0888-9042191','TLAJUNG UDIK','GUNUNG PUTRI',NULL),('TPA7','JATIMULYA','ARI','083870634040','JATIMULYA','CILODONG',NULL),('TPA8','KEN AROK','ZAENAL','085772965787','PABUARAN ','BOJONG GEDE',NULL),('TPCC','PONDOK TERONG DEPOK','ASEP','0888-09101420','PONDOK TERONG','CIPAYUNG',NULL),('TPE0','MARGONDA 5','WEKA','083890930646','PONDOK CINA','BEJI',NULL),('TPE3','TANJUNG SARI','AZIM','0899-9590359','SIRNASARI','TANJUNGSARI',NULL),('TPE9','KRANGGAN PERMAI II','FADLI','085891310989','JATI SAMPURNA','JATI SAMPURNA',NULL),('TPRX','LIMO CAKRA','WEKA','083890930646','LIMO','LIMO',NULL),('TPY1','PERSATUAN DEPOK','ASEP','0888-09101420','PASIR GUNUNG SELATAN','CIMANGGIS',NULL),('TQAA','JONGGOL BOGOR EX F261','AZIM','0899-9590359','JONGGOL','JONGGOL',NULL),('TQCF','Pertigaan Pengasinan','LUCKY','081287939527','','',NULL),('TQF6','BUKIT CINERE','LUCKY','081287939527','CINERE','CINERE',NULL),('TQGJ','SAMUDERA JAYA','RAMADHAN','08977748802','RANGKEPANJAYA','PANCORAN MAS',NULL),('TQQ2','RAYA BOGOR KM 37','ARI','083870634040','SUKAMAJU','CILODONG',NULL),('TQQ3','BOJONG NANGKA','ASEP','0888-09101420','BOJONG NANGKA','GUNUNG PUTRI',NULL),('TQTJ','PABUARAN','IMAN','085776540220','PABUARAN','CIBINONG',NULL),('TQUU','GRIYA ALAM SETOSA 3','NONO','0888-9042191','PASIRANGIN','CILEUNGSI',NULL),('TQZ6','RAYA BOGOR SUKAMAJU','ARI','083870634040','SUKAMAJU','CILODONG',NULL),('TR01','IDM PANGKALAN 12','NONO','0888-9042191','LIMUSNUNGGAL','CILEUNGSI',NULL),('TR06','POINT MARGONDA 22 D','WEKA','083890930646','KEMIRI MUKA','BEJI',NULL),('TR07','BUKIT PUTRA CIPEUCANG','AZIM','0899-9590359','CIPEUCANG','CILEUNGSI',NULL),('TR25','AKSES UI 5','FADLI','085891310989','TUGU','CIMANGGIS',NULL),('TR2L','KAUM PANDAK 2','IMAN','085776540220','KARADENAN','CIBINONG',NULL),('TR6W','BHAKTI ABRI 2','WEKA','083890930646','SUKAMAJU BARU','TAPOS',NULL),('TRJJ','ALTERNATIF BOJONG GEDE','ZAENAL','085772965787','BOJONG GEDE','BOJONG GEDE',NULL),('TRRJ','DADI KUSMAYADI 2','IMAN','085776540220','','',NULL),('TRWE','FRC CANADIAN BROADWAY EX FL11','NONO','0888-9042191','LIMUSNUNGGAL','CILEUNGSI',NULL),('TS12','IDM GRAHA MUSTIKA ','AZIM','0899-9590359','BOJONG','KLAPANUNGGAL',NULL),('TS1D','GDC DEVALERIAN','ARI','083870634040','JATIMULYA','CILODONG',NULL),('TS38','GRAND DEPOK CITY','ARI','083870634040','TIRTAJAYA','SUKMAJAYA',NULL),('TS40','IDM NAROGONG KEMBANG KUNING','NONO','0888-9042191','KEMBANGKUNING','KLAPANUNGGAL',NULL),('TS77','FLORIDA KOTA WISATA','ASEP','0888-09101420','CIANGSANA','GUNUNG PUTRI',NULL),('TSCD','HARMONY CIMANGGIS','ASEP','0888-09101420','SUKAMAJU','TAPOS',NULL),('TSIY','CIHERANG TAPOS','ASEP','0888-09101420','SUKATANI','TAPOS',NULL),('TSR6','KRANGGAN PERMAI III','FADLI','085891310989','JATI RANGGON','JATI SAMPURNA',NULL),('TSS7','GRAHA KARTIKA PRATAMA','ZAENAL','085772965787','BOJONG BARU','BOJONG GEDE',NULL),('TSSE','GRAHA KARTIKA PRATAMA 2','ZAENAL','085772965787','BOJONG BARU','BOJONG GEDE',NULL),('TSX7','KARANGGAN MUDA','ARIF','085714255395','KARANGGAN','GUNUNG PUTRI',NULL),('TT20','CAGAR ALAM','RAMADHAN','08977748802','PANCORAN MAS','PANCORAN MAS',NULL),('TT21','BOGASARI CITEUREUP','ARIF','085714255395','GUNUNG PUTRI','GUNUNG PUTRI',NULL),('TT5S','KRANGGAN RAYA','FADLI','085891310989','JATI SAMPURNA','JATI SAMPURNA',NULL),('TT62','NAROGONG KM 14','NONO','0888-9042191','LIMUSNUNGGAL','CILEUNGSI',NULL),('TTDF','MERUYUNG','RAMADHAN','08977748802','RANGKAPAN JAYA BARU           ','PANCORAN MAS',NULL),('TTES','SENTRA NIAGA GAPERI','ZAENAL','085772965787','SUKAHATI','CIBINONG',NULL),('TTF3','SIRNAGALIH','AZIM','0899-9590359','SIRNAGALIH','JONGGOL',NULL),('TTHZ','CILEUNGSI KIDUL','NONO','0888-9042191','CILEUNGSI KIDUL','CILEUNGSI',NULL),('TTT8','KAPITAN CIMANGGIS','ASEP','0888-09101420','SUKATANI','TAPOS',NULL),('TTVL','CIBUBUR COUNTRY','ASEP','0888-09101420','CIKEAS UDIK','GUNUNG PUTRI',NULL),('TUCC','SAWANGAN DEPOK','RAMADHAN','08977748802','RANGKAPAN JAYA','PANCORAN MAS',NULL),('TUDS','CIKARET HARAPAN JAYA','IMAN','085776540220','HARAPAN JAYA','CIBINONG',NULL),('TUQ2','JATI SAMPURNA RAYA','FADLI','085891310989','JATI RADEN','JATI SAMPURNA',NULL),('TV20','KEBAHAGIAAN RAYA','RAMADHAN','08977748802','ABADIJAYA','SUKMAJAYA',NULL),('TV3C','CILANGKAP 2','IMAN','085776540220','CILANGKAP','TAPOS',NULL),('TV6B','JUANDA DEPOK','RAMADHAN','08977748802','BAKTIJAYA','SUKMAJAYA',NULL),('TW29','GUNUNG PUTRI SELATAN','NONO','0888-9042191','GUNUNG PUTRI','GUNUNG PUTRI',NULL),('TW2R','RAYA KINCIR AIR','ZAENAL','085772965787','BOJONG BARU','BOJONG GEDE',NULL),('TXAE','ARCO SAWANGAN','LUCKY','081287939527','BEDAHAN ','BOJONGSARI',NULL),('TXAV','SILIWANGI DEPOK','RAMADHAN','08977748802','DEPOK','PANCORAN MAS',NULL),('TXH5','ALTERNATIF KOTA WISATA','ASEP','0888-09101420','CIANGSANA','GUNUNG PUTRI',NULL),('TXVE','KARANG ASEM CITEUREUP','ARIF','085714255395','CITEUREUP','CITEUREUP',NULL),('TXXX','SPBU JONGGOL','AZIM','0899-9590359','','',NULL),('TY5B','DEPOK MAHARAJA','RAMADHAN','08977748802','MAMPANG','PANCORAN MAS',NULL),('TYNC','MUTIARA SAKINAH CILEUNGSI EX F698','AZIM','0899-9590359','SETUSARI','CILEUNGSI',NULL),('TYQM','KALIMANGGIS','ASEP','0888-09101420','JATI KARYA','JATI SAMPURNA',NULL),('TZ0L','RAYA PANGKALAN JATI','LUCKY','081287939527','GANDUL','CINERE',NULL),('TZ8E','PEMUDA CIPAYUNG','ZAENAL','085772965787','RAGA JAYA','BOJONG GEDE',NULL),('TZAU','SENTRA WARINGIN','ZAENAL','085772965787','KEDUNG WARINGIN','BOJONG GEDE',NULL),('TZCL','SPBU CILANGKAP','ARI','083870634040','CILANGKAP','TAPOS',NULL),('TZEB','TUGU TANI','ASEP','0888-09101420','SUKATANI','TAPOS',NULL),('TZUP','CIKEAS GARDENIA','ASEP','0888-09101420','CIKEAS UDIK','GUNUNG PUTRI',NULL);

/*Table structure for table `tlp_toko` */

DROP TABLE IF EXISTS `tlp_toko`;

CREATE TABLE `tlp_toko` (
  `kdtk` varchar(4) DEFAULT NULL,
  `nama` varchar(50) DEFAULT NULL,
  `telkom` varchar(20) DEFAULT NULL,
  `smart` varchar(20) DEFAULT NULL,
  `opening` date DEFAULT NULL,
  `addtgl` date DEFAULT NULL
) ENGINE=MyISAM DEFAULT CHARSET=latin1;

/*Data for the table `tlp_toko` */

insert  into `tlp_toko`(`kdtk`,`nama`,`telkom`,`smart`,`opening`,`addtgl`) values ('F28U','KUKUSAN - DEPOK ','02178883917',NULL,'2008-07-01',NULL),('F3P4','SAWANGAN PARUNG BINGUNG ','02177882205',NULL,'2013-02-27',NULL),('F3SB','MIPA UI ','08888701953',NULL,'2015-04-20',NULL),('F575','JEMBATAN SERONG ','02177882274',NULL,'2005-01-12',NULL),('F64C','SPBU CITAYAM ','02177217410',NULL,'2009-01-12',NULL),('F802','PERMATA DEPOK ','02177210290',NULL,'2005-12-01',NULL),('F810','RTM TUGU ','0218725082',NULL,'2005-12-27',NULL),('F86A','PITARA 2 ','02177217424',NULL,'2008-10-28',NULL),('F94U','KRUKUT ','0217545549',NULL,'2008-08-16',NULL),('FBRG','TANAH BARU 3 ','02177211187',NULL,'2015-04-15',NULL),('FC19','KH. M USMAN - KUKUSAN ','0217763911',NULL,'2009-03-01',NULL),('FE46','CURUG AGUNG ','02177211027',NULL,'2009-06-01',NULL),('FEEL','PERMATA DEPOK REGENCY ','02129097378',NULL,'2013-02-22',NULL),('FEXQ','KUKUSAN 3 ex TD68 ','021 7868041',NULL,'2010-08-29',NULL),('FL29','CAGAR ALAM DEPOK ','02177211733',NULL,'2007-10-01',NULL),('FQ10','SULAWESI RAYA ','0217777082',NULL,'2010-12-01',NULL),('FQ65','NUSANTARA KELAPA DUA ','021-87706841',NULL,'2011-02-01',NULL),('FR07','KRUKUT RAYA 2 ','02177218615',NULL,'2010-01-12',NULL),('FRFQ','RADEN SANIM ','02177200064',NULL,'2014-06-19',NULL),('FRT5','PERPUSTAKAAN UI ','02129027509',NULL,'2013-12-28',NULL),('FRX9','BHAKTI YUDA ','021-77216-941',NULL,'2012-11-01',NULL),('FSEU','RAWA DENOK ','02177888329',NULL,'2012-11-01',NULL),('FTVG','RAMBUTAN DEPOK ','02177217412',NULL,'2012-05-30',NULL),('FU2R','PURI PESONA CIPAYUNG, EX. TXVM ','0217791239',NULL,'2011-12-26',NULL),('FXSW','MELATI ','02177203956',NULL,'2013-02-01',NULL),('R020','LUCKY ABADI ','0218708542',NULL,'2002-06-25',NULL),('R075','PASAR CITAYAM ','02187990730',NULL,'2007-06-29',NULL),('RHUE','PERMATA DEPOK ','02177210110',NULL,'2013-01-18',NULL),('T05K','PONDOK TERONG ','02177217712',NULL,'2009-07-30',NULL),('T07K','RIDWAN RAIS 2 ','0217775071',NULL,'2009-08-25',NULL),('T15J','BAMBON RAYA ','02177217212',NULL,'2008-09-12',NULL),('T218','A.R.H. DEPOK ','0217759857',NULL,'1999-11-17',NULL),('T21J','AKSES UI 3 ','021-87720665',NULL,'2008-10-31',NULL),('T24K','PERTANIAN ','0217792426',NULL,'2009-10-01',NULL),('T32D','PITARA 3 ','021-7777306',NULL,'2010-11-28',NULL),('T3K3','KEMBANG BEJI ','02177215911',NULL,'2012-01-02',NULL),('T3LS','TANAH BARU 2 DEPOK ','021-77215355',NULL,'2012-09-01',NULL),('T47J','R. SANIM ','0217753532',NULL,'2009-05-04',NULL),('T5BD','GARUDA RAYA ex FQ12 ','021-87720992',NULL,'2010-12-01',NULL),('T5WU','LIMO RAYA ','0217533708',NULL,'2014-10-31',NULL),('T60K','AKSES UI 4 ','021-87716438',NULL,'2010-01-16',NULL),('T66B',' KALI LICIN ','02177211215',NULL,'2010-10-21',NULL),('T75Q',' KEADILAN SAWANGAN ','021-77883473',NULL,'2011-02-17',NULL),('T91D',' MAMPANG SAWANGAN ',' 02177200169',NULL,'2010-12-30',NULL),('TC0W',' ASMAWI DEPOK ','021-77204819',NULL,'2004-04-01',NULL),('TD18',' PALAKALI RATA ','0217866987',NULL,'2010-07-27',NULL),('TD63',' PRAMUKA MAMPANG ','02177219026',NULL,'2010-08-28',NULL),('TDHN',' CARINGIN DEPOK ','02177888750 ',NULL,'2014-03-31',NULL),('TFEC',' KAMPUNG BULAK CIPAYUNG ','02177889180',NULL,'2015-09-30',NULL),('TGBP',' GRIYA CINERE ','0217549051',NULL,'2013-09-23',NULL),('TH1Q',' PRAMUKA ex F4FR ','02177200766',NULL,'2012-01-01',NULL),('TJ35',' PITARA ','02177214502 ',NULL,'2006-11-16',NULL),('TJ39',' PARUNG BINGUNG 2 ','02177883277',NULL,'2006-12-20',NULL),('TJ57',' RIDWAN RAIS ','02177216119',NULL,'2007-06-12',NULL),('TJ87',' RATU JAYA ','02177202425',NULL,'2008-02-28',NULL),('TJ97',' AKSES UI 2 ','021-87701151',NULL,'2008-05-26',NULL),('TJ98',' KUKUSAN 2 ','02178894127',NULL,'2008-05-31',NULL),('TKY7',' MEGAPOLITAN LIMO ','0217534525',NULL,'2015-06-08',NULL),('TL75',' RTM KELAPA DUA ','02187714693',NULL,'2011-03-30',NULL),('TLS1',' SAWANGAN RAYA ','02177219945',NULL,'2014-05-08',NULL),('TP6E',' ROYAL MATOA ','02129409721',NULL,'2014-12-31',NULL),('TPA0',' SETU PEDONGKELAN ','02187721635',NULL,'2009-05-15',NULL),('TPCC',' PONDOK TERONG DEPOK ','02177206684',NULL,'2005-12-21',NULL),('TPRX',' LIMO CAKRA ','0217536445',NULL,'2011-10-29',NULL),('TPY1',' PERSATUAN DEPOK ','021-29627038',NULL,'2013-12-27',NULL),('TQGJ',' SAMUDERA JAYA ',' 02177888562',NULL,'2013-11-12',NULL),('TR25',' AKSES UI 5 ','02187715465',NULL,'2011-04-29',NULL),('TSOV',' IDM CITAYAM CENTER ','',NULL,'2016-01-30',NULL),('TT20',' CAGAR ALAM ',' 0217759193 ',NULL,'2011-08-18',NULL),('TTDF',' MERUYUNG ','02177888659',NULL,'2013-12-31',NULL),('TUCC',' SAWANGAN DEPOK ','0217793985',NULL,'2005-12-21',NULL),('TUZA',' IDM BUKIT SAWANGAN INDAH 2 ','',NULL,'2016-01-31',NULL),('TY5B',' DEPOK MAHARAJA ','021-77888783',NULL,'2014-03-31',NULL),('F47T',' CIHERANG SUKATANI ','021-87745025',NULL,'2007-04-17',NULL),('F4CO',' BHAKTI ABRI ','021-87745531',NULL,'2012-12-01',NULL),('F744',' SUKAMAJU BARU ','021-8740338',NULL,'2005-08-30',NULL),('FL07',' SUKATANI BOGOR ','021-8743872',NULL,'2007-10-01',NULL),('FL79',' KEMANG SUKATANI ','021-87744801',NULL,'2007-12-01',NULL),('T3AK',' PEKAPURAN 2 ','021-87744857',NULL,'2009-02-01',NULL),('TZEB',' TUGU TANI ','021-87745901',NULL,'2013-04-13',NULL),('TSIY',' CIHERANG TAPOS ','021-87741449',NULL,'2014-06-29',NULL),('TSCD',' HARMONY CIMANGGIS ','02187742014',NULL,'2014-12-30',NULL),('TKZ1',' BOULEVARD CIMANGGIS ','02187918046',NULL,'2011-06-30',NULL),('TR6W',' BHAKTI ABRI 2 ','02187745365',NULL,'2015-03-31',NULL),('TKDS',' GREEN CIMANGGIS ','',NULL,'2016-01-31',NULL),('FUGD',' IDF GAHARU RESIDENCE ','',NULL,'2015-12-19',NULL),('FQ56',' GAS ALAM 2 ',' 021-87745555',NULL,'2011-02-01',NULL),('TD12',' GAS ALAM ',' 021-87745155',NULL,'2010-07-23',NULL),('F206',' TAMAN BUNGA ','0218742157',NULL,'2002-07-01',NULL),('FL21',' RAFFLES HILLS ','02184302397',NULL,'2007-09-27',NULL),('FY2A',' JAMBORE DEPOK ','0218442196',NULL,'2012-11-25',NULL),('FQR5',' PUTRI TUNGGAL 2, ex. T25K ','02187753522',NULL,'2009-10-08',NULL),('TC2F',' ALTERNATIF CIBUBUR ','021 8447927',NULL,'2009-04-24',NULL),('TL2A',' PUTRI TUNGGAL ','02187757009',NULL,'2009-08-01',NULL),('TTT8',' KAPITAN CIMANGGIS ','02187740601',NULL,'2015-01-28',NULL),('TKZ2',' KAPITAN CIMANGGIS 2 ','02187744123',NULL,'2015-09-27',NULL),('TWHY',' IDM GRAND NUSA INDAH 2 ','',NULL,'2016-01-30',NULL),('FUQT',' SIMPANG AURI, EX. T80T ','02187715206',NULL,'2011-07-23',NULL),('TITV',' RAYA BOGOR KM 32 ','0218742390',NULL,'2013-02-27',NULL),('TJ93',' CISALAK ','02187711731',NULL,'2008-04-30',NULL),('FC04',' BUKIT CENGKEH ','02187701583',NULL,'2009-02-01',NULL),('FLRL',' PONDOK DUTA RAYA ','02129823677',NULL,'2014-03-28',NULL),('T094',' PELNI ','0218720279',NULL,'1996-06-08',NULL),('T3VW',' RTM TUGU INDAH ','02129616822',NULL,'2013-05-18',NULL),('T52K',' LAFRAN PANE ','02187709971',NULL,'2009-12-30',NULL),('TBIP',' PONDOK DUTA ','0218726924',NULL,'2012-03-01',NULL),('TJ26',' DUTA PELNI ','02187702094',NULL,'2006-09-14',NULL),('R29A',' BUKIT CENGKEH ','02129389391',NULL,'2013-02-28',NULL),('TDNB',' EXIT TOL CIMANGGIS ','0218765097',NULL,'2014-07-23',NULL),('F2SE',' PERMATA CIMANGGIS ','021-8764127',NULL,'2013-12-28',NULL),('F936',' LEUWINANGGUNG ','02184307903',NULL,'2007-05-16',NULL),('FFV8',' LEUWINANGGUNG BUKIT GOLF ex FC0B ','',NULL,'2013-04-30',NULL),('FWZB',' LEUWINANGGUNG 2 ','0882 11521 294',NULL,'2013-07-29',NULL),('FYA9',' TAPOS 2 ex T42K ','02187912586',NULL,'2009-12-10',NULL),('TLOO',' SETU CILANGKAP ','021-87912546',NULL,'2011-10-19',NULL),('FPCI',' BANJARAN RESIDENCE ','02187926213',NULL,'2014-08-31',NULL),('FGSA',' BANJARAN VILLAGE ','0218753358',NULL,'2014-11-18',NULL),('THXY',' TAPOS 3 ','',NULL,'2015-11-30',NULL),('TZCL',' SPBU CILANGKAP ','0218758846',NULL,'2015-10-30',NULL),('TXG3',' IDM AKSES BUKIT GOLF ','',NULL,'2016-01-31',NULL),('FQ08',' GOBEL ','0218721031',NULL,'2010-12-01',NULL),('TJ06',' RADAR AURI 2 ','02187757256',NULL,'2006-06-30',NULL),('R44P',' CRM LEMBAH HIJAU ','02129627388',NULL,'2015-05-29',NULL),('F548',' RADAR AURI ','02187753755',NULL,'2004-10-12',NULL),('R072',' TIGA BERLIAN MEKARSARI ','02187706549',NULL,'2007-05-30',NULL),('FVR6',' GRIYA MEKARSARI ','0218715840',NULL,'2015-05-28',NULL),('FKK8',' IDF RADAR AURI 5 ','',NULL,'2016-01-28',NULL),('TT3J',' IDM LAGUNA RADAR AURI ','',NULL,'2016-01-31',NULL),('FC26',' JATI JAJAR ','02187745557',NULL,'2009-03-21',NULL),('T45K',' RAYA BOGOR KM 34 ','0218741555',NULL,'2009-12-17',NULL),('TB73',' NATERMAN ','02187903185',NULL,'2010-06-16',NULL),('TECA',' PEKAPURAN ','0218742689',NULL,'2006-01-30',NULL),('TJ48',' DHARMA PUTRA ','02187917168',NULL,'2007-04-24',NULL),('TJ76',' SENTRA MEDIKA ','021-87743311',NULL,'2007-10-09',NULL),('TJ82',' SANYO - DEPOK ','021-8774-3874',NULL,'2007-12-24',NULL),('TQQ2',' RAYA BOGOR KM 37 ','02187913364',NULL,'2011-06-25',NULL),('FDZY',' BANJARAN PUCUNG ','088211938681',NULL,'2015-10-27',NULL),('TV3C',' CILANGKAP 2 ex FF10 ','02187902932',NULL,'2009-08-01',NULL),('FK9O',' CILANGKAP 3 ','021-87913716',NULL,'2011-04-15',NULL),('F878',' NUSANTARA 2 ','02177203550',NULL,'2006-10-01',NULL),('FPXP',' PEMUDA DEPOK ','02177204227',NULL,'2013-03-01',NULL),('T2NN',' RAYA KARTINI ','021-77219715',NULL,'2014-02-28',NULL),('T31K',' KARTINI 2 ','02177217945',NULL,'2009-10-28',NULL),('TL81',' NUSANTARA DEPOK ','02177202649',NULL,'2011-03-31',NULL),('TXAV',' SILIWANGI DEPOK ','02177214145',NULL,'2011-11-20',NULL),('F176',' KARTINI DEPOK ','0217757932',NULL,'2001-12-01',NULL),('F63A',' KSU PEMDA ','02177831035',NULL,'2008-09-26',NULL),('FHIU',' RUKO ASTER ','02177832325',NULL,'2011-11-28',NULL),('F46U',' KP SAWAH PONDOK RAJEG ','02187913405',NULL,'2008-08-28',NULL),('F61A',' KALIMULYA ','02177824145',NULL,'2008-10-01',NULL),('FBPE',' SEKTOR MELATI ','02187926608',NULL,'2013-11-12',NULL),('FPNW',' PARUNG SERAB ','02129511368',NULL,'2013-05-31',NULL),('FR8Z',' RAYA KALIMULYA ','021292 33816',NULL,'2013-10-29',NULL),('TS1D',' GDC DE\'VALERIAN ','021879 27054',NULL,'2013-11-28',NULL),('TS38',' GRAND DEPOK CITY ','02177824529',NULL,'2011-06-15',NULL),('T6SI',' DE ROSI GDC ','02129416181',NULL,'2014-07-08',NULL),('FDT1',' KEMANG ABDUL GANI ','02129207521',NULL,'2013-03-09',NULL),('FFFZ',' RADEN SALEH DEPOK, EX. T3CB ','02177833541',NULL,'2013-04-02',NULL),('TARB',' ABDUL GANI 2 ','02187926612',NULL,'2014-10-11',NULL),('T27J',' MARGONDA 198 ','0217773819',NULL,'2009-02-28',NULL),('TJ49',' MARGONDA 7A ','0217750775',NULL,'2007-04-26',NULL),('TR06',' MARGONDA 22D ','0217760827',NULL,'2010-02-16',NULL),('F775',' MARGONDA RAYA ','021-78888677',NULL,'2005-10-14',NULL),('TB72',' MARGONDA RESIDENCE ','021-7870737',NULL,'2010-06-16',NULL),('TFYD',' MARGONDA ',' 021-7875885',NULL,'2013-11-30',NULL),('TPE0',' MARGONDA 5 ','021-78881190 ',NULL,'2009-05-26',NULL),('FJ5U',' APARTEMENT TAMAN MELATI ','02129127001',NULL,'2014-05-30',NULL),('F180',' SENTOSA RAYA ','02177832460',NULL,'2002-01-01',NULL),('F953',' PERSONA KHAYANGAN ','021 77834582',NULL,'2007-06-29',NULL),('TI35',' STUDIO ALAM ex FIWW ','02177834003',NULL,'2012-01-01',NULL),('T03J',' KEMAKMURAN ','0217701385',NULL,'2008-07-01',NULL),('T076',' PROKLAMASI ','0217706985',NULL,'1995-10-21',NULL),('T25J',' SENTOSA 2 ','0217700619',NULL,'2009-01-30',NULL),('TV6B',' JUANDA DEPOK ','02129502765',NULL,'2014-11-25',NULL),('F39B',' RADEN SALEH 2 ','088210689706 / 02129',NULL,'2015-02-13',NULL),('R021',' KEMAKMURAN ','0217700763',NULL,'2002-07-11',NULL),('FN2I',' KEMANG HIJAU ','021-29444797',NULL,'2015-04-30',NULL),('RZ6J',' CRM KEMAKMURAN CILODONG ','021-8750295',NULL,'2015-08-30',NULL),('F07A',' H. DIMUN ',' 021-7823393',NULL,'2008-08-25',NULL),('F175',' GRIYA DEPOK ASRI ',' 021-7709542',NULL,'2001-12-01',NULL),('F177',' SUKMAJAYA ','021-7707058',NULL,'2001-12-01',NULL),('F987',' TIRTA MANDALA ',' 021-8744383',NULL,'2007-08-31',NULL),('FPTJ',' KSU TIRTA JAYA ','021-77837477',NULL,'2014-01-13',NULL),('FTIH',' GRIYA LEMBAH DEPOK ',' 021-77829045',NULL,'2012-10-01',NULL),('T22K',' TOLE ISKANDAR 5 ',' 021-77833854',NULL,'2009-09-18',NULL),('T77O',' TOLE ISKANDAR I ',' 021-87746225',NULL,'1998-08-28',NULL),('TGGO',' TOLE ISKANDAR II ','021-7705922',NULL,'2012-03-01',NULL),('F1TU',' H DIMUN RAYA ','021-29517308',NULL,'2014-07-15',NULL),('TQZ6',' RAYA BOGOR SUKAMAJU ','0218755256',NULL,'2015-11-29',NULL),('F207',' MAHAKAM ','0217706883',NULL,'2002-07-01',NULL),('F3P2',' KEADILAN DEPOK ','0217703511',NULL,'2012-06-01',NULL),('F598',' PROKLAMASI 2 ','02177827434',NULL,'2005-04-08',NULL),('T01J',' JASA WARGA ','02177834437',NULL,'2008-06-19',NULL),('T264',' KEJAYAAN DEPOK II ','021-7701685',NULL,'2000-10-30',NULL),('T793',' JAMUJU ','0217704461',NULL,'2004-09-29',NULL),('TJ63',' KEBAHAGIAAN 2 ','02177826634',NULL,'2007-07-26',NULL),('F42B',' KEJAYAAN RAYA, EX. TR24 ','02177831287',NULL,'2011-04-29',NULL),('TV20',' KEBAHAGIAAN RAYA ','02177831595',NULL,'2013-01-31',NULL),('FAD9',' INDRAGIRI ','021-77830076',NULL,'2014-06-25',NULL),('F19D',' CITAYAM BOGOR ','02187986990',NULL,'2003-03-12',NULL),('F885',' STASIUN CITAYAM ','02187989122',NULL,'2006-11-28',NULL),('F77Q',' SEDAP MALAM ','02187985424',NULL,'2011-07-03',NULL),('FKF4',' PERTANIAN 2 ','',NULL,'2015-08-30',NULL),('RXA6',' TAMAN RAYA CITAYAM ','02187989740',NULL,'2012-11-25',NULL),('T42L',' PABUARAN  ','02187987841',NULL,'2009-03-13',NULL),('TPA8',' KEN AROK ','0218782587',NULL,'2009-05-28',NULL),('TC4E',' GANG LANGGAR ','02187985557',NULL,'2009-10-31',NULL),('R080',' RAGA JAYA ','02187986631',NULL,'2007-10-05',NULL),('FO82',' TUGU MACAN ','',NULL,'2014-11-30',NULL),('TZ8E',' PEMUDA CIPAYUNG ','02187982155',NULL,'2013-04-30',NULL),('F979',' GRIYA WARINGIN ELOK ','02518555622',NULL,'2007-09-03',NULL),('F93P',' BUKIT WARINGIN ','02518551635',NULL,'2009-11-01',NULL),('FKMU',' BILLABONG ','02517538354',NULL,'2012-06-30',NULL),('F553',' INKOPAD BOJONG GEDE ','0251556360',NULL,'2004-10-23',NULL),('F61F',' TONJONG ','02518551340',NULL,'2009-12-01',NULL),('TRJJ',' ALTERNATIF BOJONG GEDE ','02187989208',NULL,'2012-07-10',NULL),('TD0V',' PERINTIS WARINGIN ','',NULL,'2015-11-30',NULL),('TZAU',' SENTRA WARINGIN ','02187982704',NULL,'2014-05-03',NULL),('T1DS',' MUTIARA DARUSALAM ','0218782713',NULL,'2014-12-31',NULL),('TB45',' PURI ARTHA SENTOSA ','02187983589',NULL,'2010-05-31',NULL),('F960',' PURI NIRWANA 3 ','02187923573',NULL,'2007-07-01',NULL),('FATJ',' SPBU KERADENAN ','0219663867',NULL,'2013-07-22',NULL),('F15U',' KARADENAN ','02518666850',NULL,'2008-07-01',NULL),('TL82',' KERADENAN 2 ','02518662941',NULL,'2011-04-01',NULL),('T3RI',' KARADENAN 3 ','02518656095',NULL,'2013-04-15',NULL),('FZZ0',' KAUM PANDAK (TO) ',' 0251 8664333',NULL,'2011-03-09',NULL),('FMQF',' TAMAN CIBINONG ASRI ','021 7555968',NULL,'2014-06-30',NULL),('F71A',' RODA PEMBANGUNAN 2 ',' 0251 8664136',NULL,'2008-10-10',NULL),('RECG',' BUANA ASRI ','088210323745',NULL,'2014-09-30',NULL),('TR2L',' KAUM PANDAK 2 ',' 0251 8655655',NULL,'2013-01-30',NULL),('T5B8',' BOGOR ASRI ',' 0251 2652528',NULL,'2013-09-24',NULL),('R074',' PABUARAN CITAYAM ','02187990731',NULL,'2007-06-25',NULL),('R055',' BOJONG GEDE ','0218784364',NULL,'2005-07-19',NULL),('FDM5',' GAPERI ','021879844425',NULL,'2009-11-16',NULL),('F252',' BOJONG GEDE BARU ','02187988912',NULL,'2002-11-26',NULL),('FFCI',' CALISTA RESIDENCE ','021-8781922',NULL,'2015-05-28',NULL),('T06K',' BOJONG GEDE ','02187986045',NULL,'2009-08-01',NULL),('T1PI',' POINT STASIUN BOJONG GEDE ','02187983059',NULL,'2011-12-09',NULL),('TW2R',' RAYA KINCIR AIR ','0218781518',NULL,'2015-11-17',NULL),('TKAC',' BAMBU KUNING PERMAI ','',NULL,'2015-11-30',NULL),('FE30',' CIRIMEKAR ','02187906454',NULL,'2009-06-01',NULL),('F536',' BINTANG MAS ',' 0251 8653914 ',NULL,'2004-09-10',NULL),('F876',' NANGGEWER GREAT RIVER ','021-87907652',NULL,'2006-10-20',NULL),('TDMV',' RAYA BOGOR KM 47 ','021 87908582',NULL,'2012-01-27',NULL),('TLJL',' RAYA BOGOR KM 48 ',' 0251 8659162 ',NULL,'2014-07-23',NULL),('TP31',' BUMI SENTOSA ','021 879 06320',NULL,'2008-03-27',NULL),('TL78',' TAMAN BUKIT ASRI ','02187905572',NULL,'2006-03-27',NULL),('TQTJ',' PABUARAN ','021 8758034',NULL,'2004-08-01',NULL),('TA8P',' AL BALIYAH ','02187905216',NULL,'2009-09-14',NULL),('TGX4',' RAYA BOGOR KM 44 ','021 87908484',NULL,'2012-06-29',NULL),('F853',' NIRWANA CIKARET ','02187914885',NULL,'2006-08-01',NULL),('F16L',' NIRWANA ESTATE ','0218751726',NULL,'2008-03-01',NULL),('F93F',' NIRWANA 2 ','0218759079',NULL,'2010-01-01',NULL),('F1TZ',' DADI KUSMAYADI ','0218760642',NULL,'2013-09-18',NULL),('F9VH',' PONDOK RAJEG ','02187910387',NULL,'2010-05-31',NULL),('FE9H',' PONDOK RAJEG 2 ','0218758057',NULL,'2015-05-23',NULL),('FEYH',' GRIYA ASRI CIBINONG ','021 87906979',NULL,'2007-02-28',NULL),('TA5P',' CIKARET ','02187907438',NULL,'2009-08-31',NULL),('TUDS',' CIKARET HARAPAN JAYA ','0218762759',NULL,'2014-07-01',NULL),('TLHS',' SUKAHATI ','02187907422',NULL,'2002-07-01',NULL),('TP14',' CIPAYUNG ','02187907659',NULL,'2007-09-29',NULL),('TRRJ',' DADI KUSMAYADI 2 ','',NULL,'2015-12-30',NULL),('FRH8',' PERDAGANGAN 2 ','02187990767',NULL,'2009-04-28',NULL),('R070',' SUKAHATI ','021-87900990',NULL,'2007-04-17',NULL),('T82T',' BAMBU KUNING 2 ','025187990303',NULL,'2011-07-30',NULL),('TSS7',' GRAHA KARTIKA PRATAMA ','02187900421',NULL,'2012-05-29',NULL),('TSSE',' GRAHA KARTIKA PRATAMA 2 ','02129333835',NULL,'2012-08-10',NULL),('TBG1',' KARADENAN SUKAHATI ','021-8766081',NULL,'2014-04-25',NULL),('TNH3',' KARADENAN 5 ','02187919840',NULL,'2013-10-23',NULL),('TTES',' SENTRA NIAGA GAPERI ','0218760790',NULL,'2014-09-30',NULL),('T1K9',' GOR PEMDA ','0218761367',NULL,'2014-08-30',NULL),('TC7K',' CIBINONG CITY CENTER ','02129335290',NULL,'2012-09-30',NULL),('TG9G',' ALTERNATIF PEMDA ','02187907753',NULL,'2012-03-17',NULL),('F300',' KOTA WISATA II ','(021)82482566',NULL,'2006-02-17',NULL),('F202',' KOTA WISATA ','(021)84932261',NULL,'2002-06-15',NULL),('F95Q',' SOMERSET KOTA WISATA ','02184939027',NULL,'2011-07-29',NULL),('T2NE',' SPBU TRANS YOGIE ','',NULL,'2015-12-30',NULL),('T1VU',' SENKOM AMSTERDAM ','02184934751',NULL,'2012-04-23',NULL),('TAOB',' SPBU CIANGSANA ','02184936220',NULL,'2015-02-28',NULL),('TE6C',' FRESH MARKET ','021 84935049',NULL,'2009-12-18',NULL),('TOF0',' SENKOM PARIS ','02184934061',NULL,'2012-03-31',NULL),('TOZN','CONCORDIA KOTA WISATA ','088808021279',NULL,'2012-11-30',NULL),('TS77',' FLORIDA KOTA WISATA ','(021)84930444',NULL,'2011-06-26',NULL),('TXH5',' ALTERNATIF KOTA WISATA ','02184939108',NULL,'2012-07-08',NULL),('TA2P',' KYOTO ','02184934395',NULL,'2009-07-31',NULL),('TJ3T',' ALTERNATIF CIBUBUR 5 ','02182482335',NULL,'2015-10-30',NULL),('FRMW',' BUMI MUTIARA 2 ','02182425133',NULL,'2012-12-27',NULL),('FOTJ',' VILA NUSA INDAH BARU 2 ','02182418400',NULL,'2015-10-31',NULL),('F255',' VILLA NUSA INDAH 2 ','02182403150',NULL,'1997-08-13',NULL),('F88U',' CIANGSANA ','02182418440',NULL,'2008-08-25',NULL),('F44U',' VILLA NUSA INDAH 5 ','02184937866',NULL,'2008-08-25',NULL),('T2WI',' VILLA NUSA INDAH RAYA ','02182483278',NULL,'2014-10-31',NULL),('T9TH',' CIANGSANA 3 ','02182419300',NULL,'2012-12-30',NULL),('TIPX',' VILA NUSA INDAH BARU ','02122016593',NULL,'2015-10-18',NULL),('TNC6',' PARPOSTEL BOJONG KULUR ','02182435235',NULL,'2009-12-02',NULL),('TNV5',' CIANGSANA BOJONG KULUR ','',NULL,'2015-12-29',NULL),('TBS6',' BUMI MUTIARA ','02182423465',NULL,'2002-02-06',NULL),('T057',' VILLA NUSA INDAH I ','0218217621',NULL,'1994-04-18',NULL),('F210',' GRIYA BUKIT JAYA ','0218673370',NULL,'2002-07-01',NULL),('F790',' GUNUNG PUTRI ','0218676559',NULL,'2005-10-29',NULL),('TG9U',' CIKEAS COUNTRY ','02182403842',NULL,'2013-06-30',NULL),('TQQ3',' BOJONG NANGKA ','02186862565',NULL,'2011-07-07',NULL),('T4RP',' CAGAK GUNUNG PUTRI ','02518686055',NULL,'2013-02-28',NULL),('TW29',' GUNUNG PUTRI SELATAN ','02186862764',NULL,'2012-02-16',NULL),('TCE7',' GUNUNG PUTRI PERMAI ','02186860551',NULL,'2009-10-27',NULL),('TSX7',' KARANGGAN MUDA ','02129095638',NULL,'2015-10-31',NULL),('TPA4',' GUNUNG PUTRI 2 ','0218676038',NULL,'2009-04-30',NULL),('F5C9',' CIANGSANA 5 ','02184932227',NULL,'2015-06-08',NULL),('R085',' CIANGSANA ','021-84935578',NULL,'2008-03-28',NULL),('FBA1',' MERCEDES 3 WANAHERANG ','02186860910',NULL,'2008-06-01',NULL),('FWL8',' CICADAS WANAHERANG ','02186863232',NULL,'2012-06-01',NULL),('FVQS',' LETDA NASIR 2 ','021-82485017',NULL,'2013-11-28',NULL),('R089',' WANAHERANG ','02186860554',NULL,'2008-11-30',NULL),('TE4C',' CIANGSANA 2 ','02184933665',NULL,'2009-11-21',NULL),('TJ11',' Alt. CIBUBUR NAGRAK ','',NULL,'2015-12-31',NULL),('TCE8',' LETNAN NATSIR WANAHERANG ','021-86861998',NULL,'2009-10-27',NULL),('R006',' MAYOR OKING ','02187909802',NULL,'2001-05-23',NULL),('FE65',' RAYA BOGOR 2 ','02187903318',NULL,'2009-06-01',NULL),('FC27',' PEDURENAN ','02187914788',NULL,'2009-04-01',NULL),('TCOJ',' MAYOR OKING 5 ','0218752018',NULL,'2013-01-18',NULL),('TF0F',' POINT SENTRA MEDIKA CIBINONG ','021-8762414',NULL,'2014-04-30',NULL),('T6NX',' SPBU MAYOR OKING ','0218764028',NULL,'2014-06-30',NULL),('T719',' MAYOR OKING 2 ','0218760800',NULL,'2002-06-19',NULL),('T749',' CILANGKAP BOGOR ','02187905929',NULL,'2002-11-23',NULL),('T93D',' RAYA BOGOR 40 ','02187900577',NULL,'2011-01-07',NULL),('TIQ8',' PABUARAN INDAH ','0218760205',NULL,'2014-03-29',NULL),('F178',' CITEUREUP PAHLAWAN ','021 87901259',NULL,'2001-12-01',NULL),('F9WI',' TAJUR CITEUREUP ',' 021-87941403',NULL,'2007-11-27',NULL),('FT9I',' TARI KOLOT 3 ','02187943641',NULL,'2015-10-20',NULL),('T7OI',' GRIYA PERSADA ','021 8755451',NULL,'2013-05-30',NULL),('TM7W',' KARANG ASEM BARAT ','021 8792762',NULL,'2013-10-09',NULL),('TP05',' KARANG ASEM ','021 87941974 ',NULL,'2007-04-25',NULL),('TDFP',' RAYA SENTUL 2 ','02187953973',NULL,'2015-07-31',NULL),('TP08',' LEUWINUTUG ','0218050165',NULL,'2007-07-21',NULL),('T5SD',' PAHLAWAN SANJA CITEUREUP ','02187942851',NULL,'2013-09-30',NULL),('T11K',' TARI KOLOT 2 ',' 021-87941639',NULL,'2009-08-31',NULL),('T798',' TARIKOLOT ',' 021-87943191',NULL,'2004-10-19',NULL),('TAGP',' BABAKAN TARI KOLOT  ',' 021-87941288 ',NULL,'2013-01-04',NULL),('THDW',' TENGSAW CITEUREUP ','02184200004',NULL,'2015-10-31',NULL),('F19G',' RIVERSIDE ','02184303058',NULL,'2015-09-27',NULL),('FZA6',' CIBUBUR COUNTRY 2 ','02129331772',NULL,'2015-03-31',NULL),('F68K',' NORTH POINT ','02182494766',NULL,'2009-06-30',NULL),('FYKB',' NORTH POINT 2 ','0218230311',NULL,'2014-06-30',NULL),('FY04',' KENARI NUSANTARA ','',NULL,'2015-12-31',NULL),('THCL',' CIKEAS PILAR ','0218674661',NULL,'2014-07-11',NULL),('THJQ',' CIKEAS WANAHERANG ','02129095538',NULL,'2015-08-31',NULL),('TTVL',' CIBUBUR COUNTRY ','02129099747',NULL,'2012-06-29',NULL),('TZUP',' CIKEAS GARDENIA ','021-8765722',NULL,'2013-06-30',NULL),('T7UQ',' PLUS ALTERNATIF CIBUBUR 3 ',' 02182483058',NULL,'2013-08-31',NULL),('TF2P',' NEWTON SQUARE ','021-29219415',NULL,'2014-02-28',NULL),('TP64',' CIKEAS ','02182483292',NULL,'2008-09-20',NULL),('FX24',' BOJONG CITEUREUP ','02187943773',NULL,'2015-09-30',NULL),('R014',' CITEUREUP INDAH ',' 021-87944232',NULL,'2001-08-30',NULL),('FF6X',' PERUM TAMAN KENARI ','0218752170',NULL,'2005-08-25',NULL),('FT44',' GRAHA PUSPASARI ','021-87914408',NULL,'2007-09-25',NULL),('TXVE',' KARANG ASEM CITEUREUP ','021 87942701',NULL,'2013-09-16',NULL),('T9J6',' RAYA LANBAU ','0218752836',NULL,'2014-12-23',NULL),('T96N',' SIMPANG KAMURANG ',' 021-87943216',NULL,'2014-08-29',NULL),('T28T',' MAYOR OKING 4 ',' 021-87942000',NULL,'2011-07-15',NULL),('TM7P',' MAYOR OKING CITEUREUP ',' 021-87942855',NULL,'2013-10-13',NULL),('TP02',' CITEUREUP INDOCEMENT ',' 021-8754920',NULL,'2006-11-01',NULL),('TOBB',' SIMPANG KARANGGAN ','021-8761972',NULL,'2014-01-26',NULL),('TD0K',' INDOCEMENT 2 ',' 021-87941534',NULL,'2009-07-27',NULL),('TT21',' BOGASARI CITEUREUP ',' 021-87941100',NULL,'2011-08-25',NULL),('TH9C',' KARANGGAN RAYA ','021 87929272',NULL,'2014-06-19',NULL),('FE04',' JATIRANGGA ','021-84597320',NULL,'2007-11-28',NULL),('FY9F',' JATIRANGGA WETAN ','021-84594442',NULL,'2014-01-14',NULL),('TUQ2',' JATI SAMPURNA RAYA ','021-44691541',NULL,'2014-06-29',NULL),('T60L',' BETAWI PERMAI ','021-84312215',NULL,'2009-04-29',NULL),('TSR6',' KRANGGAN PERMAI III ','021-84312087',NULL,'2014-03-31',NULL),('T96K',' JATI SAMPURNA ','021-84300156',NULL,'2011-02-28',NULL),('THBG',' KRANGGAN, Ex FQ54 ','021-8442587',NULL,'2002-09-01',NULL),('TO9V',' JATI SAMPURNA 2 ','021-84301138',NULL,'2012-10-16',NULL),('TT5S',' KRANGGAN RAYA ','021-36774822',NULL,'2014-05-30',NULL),('TIOI',' LURAH NAMAT RAYA ','021-29060344',NULL,'2015-12-30',NULL),('F664',' WAHANA PONDOK GEDE ','021-84307857',NULL,'2007-04-27',NULL),('FF43',' JATIRANGGON ','021-84306521',NULL,'2009-08-25',NULL),('FQ14',' JATIMURNI ','021-84306568',NULL,'2009-11-24',NULL),('T46J',' HANKAM-KRANGGAN ','021-84312190',NULL,'2009-05-06',NULL),('TL3V',' GRAND MUTIARA ','021-29060075',NULL,'2015-02-28',NULL),('TL74',' PAHYANGAN RAWA DOLAR ','021-84303993',NULL,'2011-03-28',NULL),('T8IS',' JATIRANGGON 2 ','021-84593609',NULL,'2013-02-20',NULL),('TJTD',' HANKAM JATI SAMPURNA ','021-84594102',NULL,'2014-09-30',NULL),('T25V',' JATI RANGGON 3 ','021-84594570',NULL,'2014-10-31',NULL),('T5ZG',' SPBU KAMPUNG SAWAH ','021-22853354',NULL,'2015-10-20',NULL),('FR23',' CITRA GRAND 2 ','021-84311425',NULL,'2010-02-25',NULL),('FRO7',' JATIKARYA ','021-84311699',NULL,'2013-12-30',NULL),('FQ11',' WIJAYA KUSUMA ','021-84592965',NULL,'2005-12-10',NULL),('FX9G',' WIJAYA KUSUMA 2 ','021-84594867',NULL,'2014-12-31',NULL),('T20G',' CITRA GRAND 3 ','021-84309243',NULL,'2011-09-29',NULL),('TJ44',' CITRA GRAND ','021-84305092',NULL,'2007-03-23',NULL),('TYQM',' KALIMANGGIS ','021-84310234',NULL,'2013-08-06',NULL),('T7VL',' GRAND CIBUBUR ','021-29067003',NULL,'2014-04-30',NULL),('TPE9',' KRANGGAN PERMAI II ','021-8446362',NULL,'2009-07-24',NULL),('F2FL',' PERMATA MANSION ','0882 1185 7137',NULL,'2011-10-28',NULL),('FS1J',' PAMULANG ELOK ','0889 1260 029',NULL,'2015-01-31',NULL),('F57I',' ABDUL WAHAB ','0889 1253 427',NULL,'2012-07-08',NULL),('FG5B',' TELAGA GOLF SAWANGAN ','0889 1257 741',NULL,'2013-10-31',NULL),('T96B',' MUCHTAR RAYA ','0889 1253 430 ',NULL,'2005-10-25',NULL),('TJ94',' BUKIT RIVARIA ','0888 09000 209',NULL,'2008-08-30',NULL),('TBR4',' SAWANGAN TUGU ','0889 1253 400',NULL,'2014-04-29',NULL),('TC0X',' RAYA ABDUL WAHAB ','088808514638',NULL,'2015-04-30',NULL),('TM56',' GRIYA SAWANGAN ASRI ','',NULL,'2016-01-22',NULL),('F834',' GANDUL RAYA ','0888 09000 293',NULL,'2006-04-29',NULL),('F5AN',' PERSATUAN CINERE ','0888 9041 958',NULL,'2008-07-25',NULL),('FGL0',' PANGKALAN JATI RAYA ','0888 9042 008',NULL,'2011-03-25',NULL),('FUAU',' RUKO CINERE ','08891260017',NULL,'2014-12-30',NULL),('T145',' PANGKALAN JATI ','088809000275',NULL,'1997-06-05',NULL),('T23K',' SPBU CINERE ','0889 1253 374',NULL,'2009-09-19',NULL),('T95D',' WISMA CINERE ','08889041849',NULL,'2011-01-07',NULL),('TZ0L',' RAYA PANGKALAN JATI ','08891253513',NULL,'2014-02-28',NULL),('TQF6',' BUKIT CINERE ','088809000387',NULL,'2014-10-31',NULL),('FJVF',' PONDOK PETIR RAYA ','0888 09000 370',NULL,'2011-07-30',NULL),('FHR2',' SAWANGAN RESIDENCE ','08891253461',NULL,'2013-06-29',NULL),('F56G',' PENGASINAN ','0888 09000 154',NULL,'2007-10-09',NULL),('FFDR',' BUMI SAWANGAN INDAH ','08891253406',NULL,'2012-07-31',NULL),('TXAE',' ARCO SAWANGAN ','088 9125 3429',NULL,'2007-09-26',NULL),('TDVH',' TERUSAN H. NAWI MALIK ','',NULL,'2015-12-31',NULL),('T5D7',' PONDOK PETIR ','0888 0900 0362',NULL,'2005-10-29',NULL),('T28J',' H. NAWI MALIK ','08889041847',NULL,'2009-03-17',NULL),('TQCF',' PERTIGAAN PENGASINAN ','',NULL,'2015-12-24',NULL),('T---',' CURUG BOJONGSARI ','',NULL,'0000-00-00',NULL),('FPWP',' FRC GRIYA SAWANGAN ASRI ','08891253460',NULL,'2013-07-29',NULL),('FAJA',' PAHLAWAN CINANGKA ','0888 9042 046',NULL,'2008-09-27',NULL),('TJ81',' BUKIT SAWANGAN INDAH ','088809000371',NULL,'2007-12-18',NULL),('T14J',' PARUNG CURUG ','0888 09000 349',NULL,'2008-08-30',NULL),('T2MR',' SAWANGAN ELOK ','0889 1253 424',NULL,'2012-06-30',NULL),('TF0K',' SAWANGAN BOJONGSARI ','08889041898',NULL,'2014-01-17',NULL),('TOFD',' BOJONGSARI ','08891253477',NULL,'2014-05-31',NULL),('TNRZ',' CINANGKA RAYA ','0889 1253 431',NULL,'2012-01-06',NULL),('T4KR',' CINANGKA SAWANGAN ','08891260015',NULL,'2014-11-30',NULL),('FL75',' GANDUL PLN ','08889041947',NULL,'2007-12-31',NULL),('F96C',' PASIR PUTIH ','0889 1253 426',NULL,'2009-04-05',NULL),('F7FY',' BEDAHAN SAWANGAN ','0889 1253 428',NULL,'2009-12-29',NULL),('F3EU',' MUCHTAR PEMUDA ','088808507465',NULL,'2015-04-30',NULL),('FHJL',' PASIR PUTIH DEPOK ','','','2015-07-10',NULL),('TJ95',' GANDUL 2 ','088809000280',NULL,'2008-05-19',NULL),('TK78',' WIJAYA KUSUMA ','08891257756',NULL,'2011-03-23',NULL),('T7FE',' CINERE RAYA ','08889013443',NULL,'2015-10-31',NULL),('TNSB',' PASIR PUTRIH SAWANGAN ','088891253508',NULL,'2014-10-31',NULL),('TOAJ',' PEARL GARDEN ','',NULL,'0000-00-00',NULL),('FC58',' PERMATA CIBUBUR ','0888-0811-7170',NULL,'2009-03-31',NULL),('FBZL',' RAWA ILAT ','0888-0811-7173',NULL,'2008-11-24',NULL),('FYVT',' GRAND KAHURIPAN 2 ','0888-0811-7128',NULL,'2014-08-26',NULL),('R078',' KLAPANUNGGAL ','0888-0811-7171',NULL,'2007-08-28',NULL),('T063',' GRIYA KENARI MAS ','0888-0811-7172',NULL,'1994-12-19',NULL),('T8YG',' TRANS YOGIE ','0888-0811-1447',NULL,'2013-11-17',NULL),('T9OT',' BABAKAN RAYA ','0888-0811-7177',NULL,'2011-11-23',NULL),('TK17',' NAROGONG DAYEUH ','0888-0811-7179',NULL,'2011-03-10',NULL),('TS40',' NAROGONG KEMBANG KUNING ','0888-0811-7136',NULL,'2011-06-19',NULL),('T34K',' KLAPA NUNGGAL ','0888-0811-7175',NULL,'2009-10-30',NULL),('T8JG',' NAROGONG KM 26 ','0888-0811-7176',NULL,'2013-11-01',NULL),('T9VN',' GRAND KAHURIPAN ','0888-0811-7178',NULL,'2013-05-15',NULL),('FE4K',' HARVEST CITY ','0888-0811-1217',NULL,'2011-12-30',NULL),('FSZK',' METLAND CILEUNGSI SEKTOR  ','0888-0811-7120',NULL,'2014-12-24',NULL),('R076',' GANDOANG ','0888-0811-1218',NULL,'2007-07-13',NULL),('F9GF',' MEKARSARI JONGGOL ','0888-0811-1455',NULL,'2013-09-30',NULL),('T99T',' CIPEUCANG ','0888-0811-1449',NULL,'2011-09-28',NULL),('TR07',' BUKIT PUTRA CIPEUCANG ','0',NULL,'2010-02-16',NULL),('T26J',' PASAR GANDOANG ','0888-0811-1446',NULL,'2009-02-27',NULL),('TI0E',' GRAND NUSA INDAH ','0888-0810-3719',NULL,'2014-02-27',NULL),('TYNC',' MUTIARA SAKINAH CILEUNGSI ','0888-0810-6351',NULL,'2007-08-15',NULL),('TS12',' GRAHA MUSTIKA ','0888-0810-6229',NULL,'2011-05-27',NULL),('FTA8',' BRIGJEN DHARSONO ','0888-0811-7121',NULL,'2014-04-30',NULL),('R077',' JONGGOL ','02189933914',NULL,'2007-08-29',NULL),('T4UC',' SPBU JONGGOL, ex. F00D ','02189931738',NULL,'2016-01-30',NULL),('RT13',' KAUM JONGGOL ','02189936596',NULL,'2013-05-26',NULL),('T06J',' CARIU ','02189961039',NULL,'2008-07-25',NULL),('TMMB',' CARIU 2 ','02189960027',NULL,'2013-11-30',NULL),('TD0X',' RAYA CARIU ','0128960075',NULL,'2014-05-16',NULL),('TQAA',' JONGGOL BOGOR ','0888-0811-7131',NULL,'2003-03-20',NULL),('TTF3',' SIRNAGALIH ','02189936597',NULL,'2013-06-10',NULL),('TH2X',' PASIR TANJUNG ','081219260976',NULL,'2014-02-18',NULL),('TPE3',' TANJUNG SARI ','08124003441',NULL,'2009-06-12',NULL),('TKIT',' TANJUNG RASA ','081296676361',NULL,'2013-06-29',NULL),('F73U',' TAMAN METROPOLITAN ','0888-0811-0827',NULL,'2008-07-31',NULL),('FBVT',' REDWOOD METLAND ','0888-0811-7125',NULL,'2014-12-31',NULL),('FU2T',' METLAND CILEUNGSI ','0888-0100-4743',NULL,'2014-08-25',NULL),('TNNO',' NAROGONG PTSC ','0888-0811-7135',NULL,'2014-03-27',NULL),('T93T',' DUTA MEKAR ASRI ','0888-0811-1448',NULL,'2001-07-25',NULL),('TAD1',' METLAND TRANSYOGI ','0888-0811-1450',NULL,'2013-03-21',NULL),('TTHZ',' CILEUNGSI KIDUL ','0888-0100-5193',NULL,'2014-06-21',NULL),('TD4P',' METLAND CILEUNGSI BOULEVA ','0888-0100-4154',NULL,'2015-10-22',NULL),('T07J',' TAMAN CILEUNGSI ','0888-0811-7155',NULL,'2008-07-31',NULL),('T8QZ',' PASIR ANGIN ','0888-0811-7158',NULL,'2014-02-28',NULL),('FHEJ',' CITRA INDAH FESTIVAL ','0888-0872-9809',NULL,'2014-12-31',NULL),('F552',' CITRA INDAH 1 ','0888-0811-1451',NULL,'2004-10-18',NULL),('FG00',' CITRA INDAH 2 ','0888-0811-1453',NULL,'2010-08-31',NULL),('RJPU',' CITRA INDAH ','0',NULL,'2012-07-21',NULL),('T04K',' CITRA INDAH TOWN SQUARE ','0888-0811-1647',NULL,'2009-07-31',NULL),('TNBY',' CITRA INDAH SQUARE ','0888-0811-1649',NULL,'2013-03-31',NULL),('TDUC',' CITRA INDAH RAYA ','0888-0872-9794',NULL,'2014-12-28',NULL),('TCKW',' SIMPANG CIBUCIL ','0888-0811-1648',NULL,'2012-12-16',NULL),('F908',' LIMUS PRATAMA REGENCY ','0888-0811-7150',NULL,'2007-03-01',NULL),('FGC5',' CANADIAN BROADWAY 2 ','0888-0811-7151',NULL,'2012-03-31',NULL),('R001',' LIMUS PRATAMA ','0888-0811-7153',NULL,'2001-03-27',NULL),('R116',' CILEUNGSI ELOK ','0888-0811-7154',NULL,'2011-05-13',NULL),('FQ53',' GRIYA ALAM SENTOSA ','0888-0811-7152',NULL,'2000-12-21',NULL),('T08J',' AREN CILEUNGSI ','0888-0811-7156',NULL,'2008-07-31',NULL),('TR01',' PANGKALAN 12 ','0888-0810-3315',NULL,'2010-02-08',NULL),('TRWE',' CANADIAN BROADWAY ','0888-0810-3437',NULL,'2007-09-11',NULL),('TT62',' NAROGONG KM 14 ','0888-0810-3674',NULL,'2011-09-01',NULL),('T35K',' GRIYA ALAM SENTOSA 2 ','0888-0811-7157',NULL,'2009-10-30',NULL),('TQUU',' GRIYA ALAM SENTOSA 3 ','0888-0811-7159',NULL,'2011-10-30',NULL),('TBQQ','IDMÂ ARCO GRIYA GEHA','0251-8619614',NULL,NULL,NULL),('coba','coba','251','021',NULL,'2017-01-21');

/*Table structure for table `toko_online` */

DROP TABLE IF EXISTS `toko_online`;

CREATE TABLE `toko_online` (
  `id` int(20) NOT NULL AUTO_INCREMENT,
  `tanggal` date DEFAULT NULL,
  `jam` time DEFAULT NULL,
  `toko_fiber` double(10,2) DEFAULT NULL,
  `rata2_fiber` double(10,2) DEFAULT NULL,
  `toko_radio` double(10,2) DEFAULT NULL,
  `rata2_radio` double(10,2) DEFAULT NULL,
  `toko_ovpn` double(10,2) DEFAULT NULL,
  `rata2_ovpn` double(10,2) DEFAULT NULL,
  `total_online` double(10,2) DEFAULT NULL,
  `sektoral_off` text,
  `keterangan` text,
  `petugas` varchar(50) DEFAULT NULL,
  PRIMARY KEY (`id`)
) ENGINE=MyISAM AUTO_INCREMENT=11 DEFAULT CHARSET=latin1;

/*Data for the table `toko_online` */

insert  into `toko_online`(`id`,`tanggal`,`jam`,`toko_fiber`,`rata2_fiber`,`toko_radio`,`rata2_radio`,`toko_ovpn`,`rata2_ovpn`,`total_online`,`sektoral_off`,`keterangan`,`petugas`) values (3,'2017-04-11','15:25:46',20.00,5.00,33.00,4.00,15.00,66.00,17.97,'tp3','sedang mainten','arif'),(5,'2017-04-14','23:27:25',22.00,94.16,320.00,91.81,193.00,94.81,98.18,'kammpung gedong','sedang perbaikan','wahyudi'),(10,'2017-04-15','00:16:02',1.00,1.00,2.00,2.00,3.00,3.00,92.99,'','','');

/*Table structure for table `update_progtk` */

DROP TABLE IF EXISTS `update_progtk`;

CREATE TABLE `update_progtk` (
  `id` int(10) NOT NULL AUTO_INCREMENT,
  `tanggal` date DEFAULT NULL,
  `jam` time DEFAULT NULL,
  `total_toko` int(10) DEFAULT NULL,
  `toko_report` int(10) DEFAULT NULL,
  `toko_tdk_report` int(10) DEFAULT NULL,
  `toko_tdk_ok` int(10) DEFAULT NULL,
  `persentase` double(10,2) DEFAULT NULL,
  `keterangan` text,
  `petugas` varchar(30) DEFAULT NULL,
  PRIMARY KEY (`id`)
) ENGINE=MyISAM AUTO_INCREMENT=4 DEFAULT CHARSET=latin1;

/*Data for the table `update_progtk` */

insert  into `update_progtk`(`id`,`tanggal`,`jam`,`total_toko`,`toko_report`,`toko_tdk_report`,`toko_tdk_ok`,`persentase`,`keterangan`,`petugas`) values (3,'2017-04-19','10:17:25',584,580,0,4,99.32,'aa','WAHYUDI');

/*!40101 SET SQL_MODE=@OLD_SQL_MODE */;
/*!40014 SET FOREIGN_KEY_CHECKS=@OLD_FOREIGN_KEY_CHECKS */;
/*!40014 SET UNIQUE_CHECKS=@OLD_UNIQUE_CHECKS */;
/*!40111 SET SQL_NOTES=@OLD_SQL_NOTES */;
