/*
SQLyog Ultimate v9.63 
MySQL - 5.5.27 : Database - virtual
*********************************************************************
*/

/*!40101 SET NAMES utf8 */;

/*!40101 SET SQL_MODE=''*/;

/*!40014 SET @OLD_UNIQUE_CHECKS=@@UNIQUE_CHECKS, UNIQUE_CHECKS=0 */;
/*!40014 SET @OLD_FOREIGN_KEY_CHECKS=@@FOREIGN_KEY_CHECKS, FOREIGN_KEY_CHECKS=0 */;
/*!40101 SET @OLD_SQL_MODE=@@SQL_MODE, SQL_MODE='NO_AUTO_VALUE_ON_ZERO' */;
/*!40111 SET @OLD_SQL_NOTES=@@SQL_NOTES, SQL_NOTES=0 */;
CREATE DATABASE /*!32312 IF NOT EXISTS*/`virtual` /*!40100 DEFAULT CHARACTER SET latin1 */;

USE `virtual`;

/*Table structure for table `ikiosk_201608` */

DROP TABLE IF EXISTS `ikiosk_201608`;

CREATE TABLE `ikiosk_201608` (
  `kdtk` varchar(4) NOT NULL DEFAULT '',
  `nama` varchar(50) DEFAULT NULL,
  `tgl1_1` int(1) DEFAULT NULL,
  `tgl1_2` int(1) DEFAULT NULL,
  `tgl2_1` int(1) DEFAULT NULL,
  `tgl2_2` int(1) DEFAULT NULL,
  `tgl3_1` int(1) DEFAULT NULL,
  `tgl3_2` int(1) DEFAULT NULL,
  `tgl4_1` int(1) DEFAULT NULL,
  `tgl4_2` int(1) DEFAULT NULL,
  `tgl5_1` int(1) DEFAULT NULL,
  `tgl5_2` int(1) DEFAULT NULL,
  `tgl6_1` int(1) DEFAULT NULL,
  `tgl6_2` int(1) DEFAULT NULL,
  `tgl7_1` int(1) DEFAULT NULL,
  `tgl7_2` int(1) DEFAULT NULL,
  `tgl8_1` int(1) DEFAULT NULL,
  `tgl8_2` int(1) DEFAULT NULL,
  `tgl9_1` int(1) DEFAULT NULL,
  `tgl9_2` int(1) DEFAULT NULL,
  `tgl10_1` int(1) DEFAULT NULL,
  `tgl10_2` int(1) DEFAULT NULL,
  `tgl11_1` int(1) DEFAULT NULL,
  `tgl11_2` int(1) DEFAULT NULL,
  `tgl12_1` int(1) DEFAULT NULL,
  `tgl12_2` int(1) DEFAULT NULL,
  `tgl13_1` int(1) DEFAULT NULL,
  `tgl13_2` int(1) DEFAULT NULL,
  `tgl14_1` int(1) DEFAULT NULL,
  `tgl14_2` int(1) DEFAULT NULL,
  `tgl15_1` int(1) DEFAULT NULL,
  `tgl15_2` int(1) DEFAULT NULL,
  `tgl16_1` int(1) DEFAULT NULL,
  `tgl16_2` int(1) DEFAULT NULL,
  `tgl17_1` int(1) DEFAULT NULL,
  `tgl17_2` int(1) DEFAULT NULL,
  `tgl18_1` int(1) DEFAULT NULL,
  `tgl18_2` int(1) DEFAULT NULL,
  `tgl19_1` int(1) DEFAULT NULL,
  `tgl19_2` int(1) DEFAULT NULL,
  `tgl20_1` int(1) DEFAULT NULL,
  `tgl20_2` int(1) DEFAULT NULL,
  `tgl21_1` int(1) DEFAULT NULL,
  `tgl21_2` int(1) DEFAULT NULL,
  `tgl22_1` int(1) DEFAULT NULL,
  `tgl22_2` int(1) DEFAULT NULL,
  `tgl23_1` int(1) DEFAULT NULL,
  `tgl23_2` int(1) DEFAULT NULL,
  `tgl24_1` int(1) DEFAULT NULL,
  `tgl24_2` int(1) DEFAULT NULL,
  `tgl25_1` int(1) DEFAULT NULL,
  `tgl25_2` int(1) DEFAULT NULL,
  `tgl26_1` int(1) DEFAULT NULL,
  `tgl26_2` int(1) DEFAULT NULL,
  `tgl27_1` int(1) DEFAULT NULL,
  `tgl27_2` int(1) DEFAULT NULL,
  `tgl28_1` int(1) DEFAULT NULL,
  `tgl28_2` int(1) DEFAULT NULL,
  `tgl29_1` int(1) DEFAULT NULL,
  `tgl29_2` int(1) DEFAULT NULL,
  `tgl30_1` int(1) DEFAULT NULL,
  `tgl30_2` int(1) DEFAULT NULL,
  `tgl31_1` int(1) DEFAULT NULL,
  `tgl31_2` int(1) DEFAULT NULL,
  `addtgl` date DEFAULT NULL,
  PRIMARY KEY (`kdtk`)
) ENGINE=InnoDB DEFAULT CHARSET=latin1;

/*Data for the table `ikiosk_201608` */

insert  into `ikiosk_201608`(`kdtk`,`nama`,`tgl1_1`,`tgl1_2`,`tgl2_1`,`tgl2_2`,`tgl3_1`,`tgl3_2`,`tgl4_1`,`tgl4_2`,`tgl5_1`,`tgl5_2`,`tgl6_1`,`tgl6_2`,`tgl7_1`,`tgl7_2`,`tgl8_1`,`tgl8_2`,`tgl9_1`,`tgl9_2`,`tgl10_1`,`tgl10_2`,`tgl11_1`,`tgl11_2`,`tgl12_1`,`tgl12_2`,`tgl13_1`,`tgl13_2`,`tgl14_1`,`tgl14_2`,`tgl15_1`,`tgl15_2`,`tgl16_1`,`tgl16_2`,`tgl17_1`,`tgl17_2`,`tgl18_1`,`tgl18_2`,`tgl19_1`,`tgl19_2`,`tgl20_1`,`tgl20_2`,`tgl21_1`,`tgl21_2`,`tgl22_1`,`tgl22_2`,`tgl23_1`,`tgl23_2`,`tgl24_1`,`tgl24_2`,`tgl25_1`,`tgl25_2`,`tgl26_1`,`tgl26_2`,`tgl27_1`,`tgl27_2`,`tgl28_1`,`tgl28_2`,`tgl29_1`,`tgl29_2`,`tgl30_1`,`tgl30_2`,`tgl31_1`,`tgl31_2`,`addtgl`) values ('1233','TES',NULL,NULL,NULL,NULL,NULL,NULL,NULL,NULL,NULL,NULL,NULL,NULL,NULL,NULL,NULL,NULL,NULL,NULL,NULL,NULL,NULL,NULL,NULL,2,NULL,NULL,NULL,NULL,NULL,NULL,NULL,NULL,NULL,NULL,NULL,NULL,NULL,NULL,NULL,NULL,NULL,NULL,NULL,NULL,NULL,NULL,NULL,NULL,NULL,NULL,NULL,NULL,NULL,NULL,NULL,NULL,NULL,NULL,NULL,NULL,NULL,NULL,NULL),('F42B','KEJAYAAN RAYA/000',NULL,NULL,NULL,NULL,NULL,NULL,NULL,NULL,NULL,NULL,NULL,NULL,NULL,NULL,NULL,NULL,NULL,NULL,NULL,NULL,NULL,NULL,NULL,4,NULL,NULL,NULL,NULL,NULL,NULL,NULL,NULL,NULL,NULL,NULL,NULL,NULL,NULL,NULL,NULL,NULL,NULL,NULL,NULL,NULL,NULL,NULL,NULL,NULL,NULL,NULL,NULL,NULL,NULL,NULL,NULL,NULL,NULL,NULL,NULL,NULL,NULL,NULL),('FUQT','SIMPANG AURI/000',NULL,NULL,NULL,NULL,NULL,NULL,NULL,NULL,NULL,NULL,NULL,NULL,NULL,NULL,NULL,NULL,NULL,NULL,NULL,NULL,NULL,NULL,NULL,4,NULL,NULL,NULL,NULL,NULL,NULL,NULL,NULL,NULL,NULL,NULL,NULL,NULL,NULL,NULL,NULL,NULL,NULL,NULL,NULL,NULL,NULL,NULL,NULL,NULL,NULL,NULL,NULL,NULL,NULL,NULL,NULL,NULL,NULL,NULL,NULL,NULL,NULL,NULL),('T03J','SIMPANG AURI/000',NULL,NULL,NULL,NULL,NULL,NULL,NULL,NULL,NULL,NULL,NULL,NULL,NULL,NULL,NULL,NULL,NULL,NULL,NULL,NULL,NULL,NULL,NULL,4,NULL,NULL,NULL,NULL,NULL,NULL,NULL,NULL,NULL,NULL,NULL,NULL,NULL,NULL,NULL,NULL,NULL,NULL,NULL,NULL,NULL,NULL,NULL,NULL,NULL,NULL,NULL,NULL,NULL,NULL,NULL,NULL,NULL,NULL,NULL,NULL,NULL,NULL,NULL),('T04K','CITRA INDAH TOWN SQUARE',NULL,NULL,NULL,NULL,NULL,NULL,NULL,NULL,NULL,NULL,NULL,NULL,NULL,NULL,NULL,NULL,NULL,NULL,NULL,NULL,NULL,NULL,NULL,4,NULL,NULL,NULL,NULL,NULL,NULL,NULL,NULL,NULL,NULL,NULL,NULL,NULL,NULL,NULL,NULL,NULL,NULL,NULL,NULL,NULL,NULL,NULL,NULL,NULL,NULL,NULL,NULL,NULL,NULL,NULL,NULL,NULL,NULL,NULL,NULL,NULL,NULL,NULL),('T1VU','SEMKOM AMSTERDAM',NULL,NULL,NULL,NULL,NULL,NULL,NULL,NULL,NULL,NULL,NULL,NULL,NULL,NULL,NULL,NULL,NULL,NULL,NULL,NULL,NULL,NULL,NULL,4,NULL,NULL,NULL,NULL,NULL,NULL,NULL,NULL,NULL,NULL,NULL,NULL,NULL,NULL,NULL,NULL,NULL,NULL,NULL,NULL,NULL,NULL,NULL,NULL,NULL,NULL,NULL,NULL,NULL,NULL,NULL,NULL,NULL,NULL,NULL,NULL,NULL,NULL,NULL),('T20G','CITRA GRAND 3/000',NULL,NULL,NULL,NULL,NULL,NULL,NULL,NULL,NULL,NULL,NULL,NULL,NULL,NULL,NULL,NULL,NULL,NULL,NULL,NULL,NULL,NULL,NULL,4,NULL,NULL,NULL,NULL,NULL,NULL,NULL,NULL,NULL,NULL,NULL,NULL,NULL,NULL,NULL,NULL,NULL,NULL,NULL,NULL,NULL,NULL,NULL,NULL,NULL,NULL,NULL,NULL,NULL,NULL,NULL,NULL,NULL,NULL,NULL,NULL,NULL,NULL,NULL),('T218','A.R.H. DEPOK/000',NULL,NULL,NULL,NULL,NULL,NULL,NULL,NULL,NULL,NULL,NULL,NULL,NULL,NULL,NULL,NULL,NULL,NULL,NULL,NULL,NULL,NULL,NULL,4,NULL,NULL,NULL,NULL,NULL,NULL,NULL,NULL,NULL,NULL,NULL,NULL,NULL,NULL,NULL,NULL,NULL,NULL,NULL,NULL,NULL,NULL,NULL,NULL,NULL,NULL,NULL,NULL,NULL,NULL,NULL,NULL,NULL,NULL,NULL,NULL,NULL,NULL,NULL),('T21J','AKSES UI 3/000',NULL,NULL,NULL,NULL,NULL,NULL,NULL,NULL,NULL,NULL,NULL,NULL,NULL,NULL,NULL,NULL,NULL,NULL,NULL,NULL,NULL,NULL,NULL,4,NULL,NULL,NULL,NULL,NULL,NULL,NULL,NULL,NULL,NULL,NULL,NULL,NULL,NULL,NULL,NULL,NULL,NULL,NULL,NULL,NULL,NULL,NULL,NULL,NULL,NULL,NULL,NULL,NULL,NULL,NULL,NULL,NULL,NULL,NULL,NULL,NULL,NULL,NULL),('T22K','TOLE ISKANDAR  5/000',NULL,NULL,NULL,NULL,NULL,NULL,NULL,NULL,NULL,NULL,NULL,NULL,NULL,NULL,NULL,NULL,NULL,NULL,NULL,NULL,NULL,NULL,NULL,4,NULL,NULL,NULL,NULL,NULL,NULL,NULL,NULL,NULL,NULL,NULL,NULL,NULL,NULL,NULL,NULL,NULL,NULL,NULL,NULL,NULL,NULL,NULL,NULL,NULL,NULL,NULL,NULL,NULL,NULL,NULL,NULL,NULL,NULL,NULL,NULL,NULL,NULL,NULL),('T25J','SENTOSA 2/000',NULL,NULL,NULL,NULL,NULL,NULL,NULL,NULL,NULL,NULL,NULL,NULL,NULL,NULL,NULL,NULL,NULL,NULL,NULL,NULL,NULL,NULL,NULL,4,NULL,NULL,NULL,NULL,NULL,NULL,NULL,NULL,NULL,NULL,NULL,NULL,NULL,NULL,NULL,NULL,NULL,NULL,NULL,NULL,NULL,NULL,NULL,NULL,NULL,NULL,NULL,NULL,NULL,NULL,NULL,NULL,NULL,NULL,NULL,NULL,NULL,NULL,NULL),('T27J','MARGONDA 198/000',NULL,NULL,NULL,NULL,NULL,NULL,NULL,NULL,NULL,NULL,NULL,NULL,NULL,NULL,NULL,NULL,NULL,NULL,NULL,NULL,NULL,NULL,NULL,4,NULL,NULL,NULL,NULL,NULL,NULL,NULL,NULL,NULL,NULL,NULL,NULL,NULL,NULL,NULL,NULL,NULL,NULL,NULL,NULL,NULL,NULL,NULL,NULL,NULL,NULL,NULL,NULL,NULL,NULL,NULL,NULL,NULL,NULL,NULL,NULL,NULL,NULL,NULL),('T3AK','PEKAPURAN  2/000',NULL,NULL,NULL,NULL,NULL,NULL,NULL,NULL,NULL,NULL,NULL,NULL,NULL,NULL,NULL,NULL,NULL,NULL,NULL,NULL,NULL,NULL,NULL,4,NULL,NULL,NULL,NULL,NULL,NULL,NULL,NULL,NULL,NULL,NULL,NULL,NULL,NULL,NULL,NULL,NULL,NULL,NULL,NULL,NULL,NULL,NULL,NULL,NULL,NULL,NULL,NULL,NULL,NULL,NULL,NULL,NULL,NULL,NULL,NULL,NULL,NULL,NULL),('T3VW','RTM TUGU INDAH/000',NULL,NULL,NULL,NULL,NULL,NULL,NULL,NULL,NULL,NULL,NULL,NULL,NULL,NULL,NULL,NULL,NULL,NULL,NULL,NULL,NULL,NULL,NULL,4,NULL,NULL,NULL,NULL,NULL,NULL,NULL,NULL,NULL,NULL,NULL,NULL,NULL,NULL,NULL,NULL,NULL,NULL,NULL,NULL,NULL,NULL,NULL,NULL,NULL,NULL,NULL,NULL,NULL,NULL,NULL,NULL,NULL,NULL,NULL,NULL,NULL,NULL,NULL),('T46J','HANKAM-KRANGGAN',NULL,NULL,NULL,NULL,NULL,NULL,NULL,NULL,NULL,NULL,NULL,NULL,NULL,NULL,NULL,NULL,NULL,NULL,NULL,NULL,NULL,NULL,NULL,4,NULL,NULL,NULL,NULL,NULL,NULL,NULL,NULL,NULL,NULL,NULL,NULL,NULL,NULL,NULL,NULL,NULL,NULL,NULL,NULL,NULL,NULL,NULL,NULL,NULL,NULL,NULL,NULL,NULL,NULL,NULL,NULL,NULL,NULL,NULL,NULL,NULL,NULL,NULL),('T52K','LAFRAN PANE/000',NULL,NULL,NULL,NULL,NULL,NULL,NULL,NULL,NULL,NULL,NULL,NULL,NULL,NULL,NULL,NULL,NULL,NULL,NULL,NULL,NULL,NULL,NULL,4,NULL,NULL,NULL,NULL,NULL,NULL,NULL,NULL,NULL,NULL,NULL,NULL,NULL,NULL,NULL,NULL,NULL,NULL,NULL,NULL,NULL,NULL,NULL,NULL,NULL,NULL,NULL,NULL,NULL,NULL,NULL,NULL,NULL,NULL,NULL,NULL,NULL,NULL,NULL),('T7OI','GRIYA PERSADA',NULL,NULL,NULL,NULL,NULL,NULL,NULL,NULL,NULL,NULL,NULL,NULL,NULL,NULL,NULL,NULL,NULL,NULL,NULL,NULL,NULL,NULL,NULL,4,NULL,NULL,NULL,NULL,NULL,NULL,NULL,NULL,NULL,NULL,NULL,NULL,NULL,NULL,NULL,NULL,NULL,NULL,NULL,NULL,NULL,NULL,NULL,NULL,NULL,NULL,NULL,NULL,NULL,NULL,NULL,NULL,NULL,NULL,NULL,NULL,NULL,NULL,NULL),('T93D','RAYA BOGOR KM 40',NULL,NULL,NULL,NULL,NULL,NULL,NULL,NULL,NULL,NULL,NULL,NULL,NULL,NULL,NULL,NULL,NULL,NULL,NULL,NULL,NULL,NULL,NULL,4,NULL,NULL,NULL,NULL,NULL,NULL,NULL,NULL,NULL,NULL,NULL,NULL,NULL,NULL,NULL,NULL,NULL,NULL,NULL,NULL,NULL,NULL,NULL,NULL,NULL,NULL,NULL,NULL,NULL,NULL,NULL,NULL,NULL,NULL,NULL,NULL,NULL,NULL,NULL),('TA5P','IDM CIKARET',NULL,NULL,NULL,NULL,NULL,NULL,NULL,NULL,NULL,NULL,NULL,NULL,NULL,NULL,NULL,NULL,NULL,NULL,NULL,NULL,NULL,NULL,NULL,4,NULL,NULL,NULL,NULL,NULL,NULL,NULL,NULL,NULL,NULL,NULL,NULL,NULL,NULL,NULL,NULL,NULL,NULL,NULL,NULL,NULL,NULL,NULL,NULL,NULL,NULL,NULL,NULL,NULL,NULL,NULL,NULL,NULL,NULL,NULL,NULL,NULL,NULL,NULL),('TAD1','METLAND TRANSYOGI',NULL,NULL,NULL,NULL,NULL,NULL,NULL,NULL,NULL,NULL,NULL,NULL,NULL,NULL,NULL,NULL,NULL,NULL,NULL,NULL,NULL,NULL,NULL,4,NULL,NULL,NULL,NULL,NULL,NULL,NULL,NULL,NULL,NULL,NULL,NULL,NULL,NULL,NULL,NULL,NULL,NULL,NULL,NULL,NULL,NULL,NULL,NULL,NULL,NULL,NULL,NULL,NULL,NULL,NULL,NULL,NULL,NULL,NULL,NULL,NULL,NULL,NULL),('TB72','MARGONDA RESIDENCE/000',NULL,NULL,NULL,NULL,NULL,NULL,NULL,NULL,NULL,NULL,NULL,NULL,NULL,NULL,NULL,NULL,NULL,NULL,NULL,NULL,NULL,NULL,NULL,4,NULL,NULL,NULL,NULL,NULL,NULL,NULL,NULL,NULL,NULL,NULL,NULL,NULL,NULL,NULL,NULL,NULL,NULL,NULL,NULL,NULL,NULL,NULL,NULL,NULL,NULL,NULL,NULL,NULL,NULL,NULL,NULL,NULL,NULL,NULL,NULL,NULL,NULL,NULL),('TC2F','ALTERNATIF CIBUBUR/000',NULL,NULL,NULL,NULL,NULL,NULL,NULL,NULL,NULL,NULL,NULL,NULL,NULL,NULL,NULL,NULL,NULL,NULL,NULL,NULL,NULL,NULL,NULL,4,NULL,NULL,NULL,NULL,NULL,NULL,NULL,NULL,NULL,NULL,NULL,NULL,NULL,NULL,NULL,NULL,NULL,NULL,NULL,NULL,NULL,NULL,NULL,NULL,NULL,NULL,NULL,NULL,NULL,NULL,NULL,NULL,NULL,NULL,NULL,NULL,NULL,NULL,NULL),('TC7K','CIBINONG CITY CENTER',NULL,NULL,NULL,NULL,NULL,NULL,NULL,NULL,NULL,NULL,NULL,NULL,NULL,NULL,NULL,NULL,NULL,NULL,NULL,NULL,NULL,NULL,NULL,4,NULL,NULL,NULL,NULL,NULL,NULL,NULL,NULL,NULL,NULL,NULL,NULL,NULL,NULL,NULL,NULL,NULL,NULL,NULL,NULL,NULL,NULL,NULL,NULL,NULL,NULL,NULL,NULL,NULL,NULL,NULL,NULL,NULL,NULL,NULL,NULL,NULL,NULL,NULL),('TE6C','IDM FRESH MARKET',NULL,NULL,NULL,NULL,NULL,NULL,NULL,NULL,NULL,NULL,NULL,NULL,NULL,NULL,NULL,NULL,NULL,NULL,NULL,NULL,NULL,NULL,NULL,4,NULL,NULL,NULL,NULL,NULL,NULL,NULL,NULL,NULL,NULL,NULL,NULL,NULL,NULL,NULL,NULL,NULL,NULL,NULL,NULL,NULL,NULL,NULL,NULL,NULL,NULL,NULL,NULL,NULL,NULL,NULL,NULL,NULL,NULL,NULL,NULL,NULL,NULL,NULL),('TF0F','POINT SENTRA MEDIKA CIBINONG',NULL,NULL,NULL,NULL,NULL,NULL,NULL,NULL,NULL,NULL,NULL,NULL,NULL,NULL,NULL,NULL,NULL,NULL,NULL,NULL,NULL,NULL,NULL,4,NULL,NULL,NULL,NULL,NULL,NULL,NULL,NULL,NULL,NULL,NULL,NULL,NULL,NULL,NULL,NULL,NULL,NULL,NULL,NULL,NULL,NULL,NULL,NULL,NULL,NULL,NULL,NULL,NULL,NULL,NULL,NULL,NULL,NULL,NULL,NULL,NULL,NULL,NULL),('TFYD','MARGONDA/000',NULL,NULL,NULL,NULL,NULL,NULL,NULL,NULL,NULL,NULL,NULL,NULL,NULL,NULL,NULL,NULL,NULL,NULL,NULL,NULL,NULL,NULL,NULL,4,NULL,NULL,NULL,NULL,NULL,NULL,NULL,NULL,NULL,NULL,NULL,NULL,NULL,NULL,NULL,NULL,NULL,NULL,NULL,NULL,NULL,NULL,NULL,NULL,NULL,NULL,NULL,NULL,NULL,NULL,NULL,NULL,NULL,NULL,NULL,NULL,NULL,NULL,NULL),('TG9G','ALTERNATIF PEMDA',NULL,NULL,NULL,NULL,NULL,NULL,NULL,NULL,NULL,NULL,NULL,NULL,NULL,NULL,NULL,NULL,NULL,NULL,NULL,NULL,NULL,NULL,NULL,4,NULL,NULL,NULL,NULL,NULL,NULL,NULL,NULL,NULL,NULL,NULL,NULL,NULL,NULL,NULL,NULL,NULL,NULL,NULL,NULL,NULL,NULL,NULL,NULL,NULL,NULL,NULL,NULL,NULL,NULL,NULL,NULL,NULL,NULL,NULL,NULL,NULL,NULL,NULL),('TGGO','TOLE ISKANDAR II/000',NULL,NULL,NULL,NULL,NULL,NULL,NULL,NULL,NULL,NULL,NULL,NULL,NULL,NULL,NULL,NULL,NULL,NULL,NULL,NULL,NULL,NULL,NULL,4,NULL,NULL,NULL,NULL,NULL,NULL,NULL,NULL,NULL,NULL,NULL,NULL,NULL,NULL,NULL,NULL,NULL,NULL,NULL,NULL,NULL,NULL,NULL,NULL,NULL,NULL,NULL,NULL,NULL,NULL,NULL,NULL,NULL,NULL,NULL,NULL,NULL,NULL,NULL),('THBG','KRANGGAN/000',NULL,NULL,NULL,NULL,NULL,NULL,NULL,NULL,NULL,NULL,NULL,NULL,NULL,NULL,NULL,NULL,NULL,NULL,NULL,NULL,NULL,NULL,NULL,4,NULL,NULL,NULL,NULL,NULL,NULL,NULL,NULL,NULL,NULL,NULL,NULL,NULL,NULL,NULL,NULL,NULL,NULL,NULL,NULL,NULL,NULL,NULL,NULL,NULL,NULL,NULL,NULL,NULL,NULL,NULL,NULL,NULL,NULL,NULL,NULL,NULL,NULL,NULL),('TJ44','CITRA GRAND',NULL,NULL,NULL,NULL,NULL,NULL,NULL,NULL,NULL,NULL,NULL,NULL,NULL,NULL,NULL,NULL,NULL,NULL,NULL,NULL,NULL,NULL,NULL,4,NULL,NULL,NULL,NULL,NULL,NULL,NULL,NULL,NULL,NULL,NULL,NULL,NULL,NULL,NULL,NULL,NULL,NULL,NULL,NULL,NULL,NULL,NULL,NULL,NULL,NULL,NULL,NULL,NULL,NULL,NULL,NULL,NULL,NULL,NULL,NULL,NULL,NULL,NULL),('TJ49','MARGONDA 7A/000',NULL,NULL,NULL,NULL,NULL,NULL,NULL,NULL,NULL,NULL,NULL,NULL,NULL,NULL,NULL,NULL,NULL,NULL,NULL,NULL,NULL,NULL,NULL,4,NULL,NULL,NULL,NULL,NULL,NULL,NULL,NULL,NULL,NULL,NULL,NULL,NULL,NULL,NULL,NULL,NULL,NULL,NULL,NULL,NULL,NULL,NULL,NULL,NULL,NULL,NULL,NULL,NULL,NULL,NULL,NULL,NULL,NULL,NULL,NULL,NULL,NULL,NULL),('TJ97','AKSES UI  2/000',NULL,NULL,NULL,NULL,NULL,NULL,NULL,NULL,NULL,NULL,NULL,NULL,NULL,NULL,NULL,NULL,NULL,NULL,NULL,NULL,NULL,NULL,NULL,4,NULL,NULL,NULL,NULL,NULL,NULL,NULL,NULL,NULL,NULL,NULL,NULL,NULL,NULL,NULL,NULL,NULL,NULL,NULL,NULL,NULL,NULL,NULL,NULL,NULL,NULL,NULL,NULL,NULL,NULL,NULL,NULL,NULL,NULL,NULL,NULL,NULL,NULL,NULL),('TK78','Wijaya Kusuma',NULL,NULL,NULL,NULL,NULL,NULL,NULL,NULL,NULL,NULL,NULL,NULL,NULL,NULL,NULL,NULL,NULL,NULL,NULL,NULL,NULL,NULL,NULL,4,NULL,NULL,NULL,NULL,NULL,NULL,NULL,NULL,NULL,NULL,NULL,NULL,NULL,NULL,NULL,NULL,NULL,NULL,NULL,NULL,NULL,NULL,NULL,NULL,NULL,NULL,NULL,NULL,NULL,NULL,NULL,NULL,NULL,NULL,NULL,NULL,NULL,NULL,NULL),('TKZ1','BOULEVARD CIMANGGIS/000',NULL,NULL,NULL,NULL,NULL,NULL,NULL,NULL,NULL,NULL,NULL,NULL,NULL,NULL,NULL,NULL,NULL,NULL,NULL,NULL,NULL,NULL,NULL,4,NULL,NULL,NULL,NULL,NULL,NULL,NULL,NULL,NULL,NULL,NULL,NULL,NULL,NULL,NULL,NULL,NULL,NULL,NULL,NULL,NULL,NULL,NULL,NULL,NULL,NULL,NULL,NULL,NULL,NULL,NULL,NULL,NULL,NULL,NULL,NULL,NULL,NULL,NULL),('TL74','PAHYANGAN RAWA DOLAR',NULL,NULL,NULL,NULL,NULL,NULL,NULL,NULL,NULL,NULL,NULL,NULL,NULL,NULL,NULL,NULL,NULL,NULL,NULL,NULL,NULL,NULL,NULL,4,NULL,NULL,NULL,NULL,NULL,NULL,NULL,NULL,NULL,NULL,NULL,NULL,NULL,NULL,NULL,NULL,NULL,NULL,NULL,NULL,NULL,NULL,NULL,NULL,NULL,NULL,NULL,NULL,NULL,NULL,NULL,NULL,NULL,NULL,NULL,NULL,NULL,NULL,NULL),('TL81','NUSANTARA DEPOK/000',NULL,NULL,NULL,NULL,NULL,NULL,NULL,NULL,NULL,NULL,NULL,NULL,NULL,NULL,NULL,NULL,NULL,NULL,NULL,NULL,NULL,NULL,NULL,4,NULL,NULL,NULL,NULL,NULL,NULL,NULL,NULL,NULL,NULL,NULL,NULL,NULL,NULL,NULL,NULL,NULL,NULL,NULL,NULL,NULL,NULL,NULL,NULL,NULL,NULL,NULL,NULL,NULL,NULL,NULL,NULL,NULL,NULL,NULL,NULL,NULL,NULL,NULL),('TLHS','IDF SUKAHATI ex F205',NULL,NULL,NULL,NULL,NULL,NULL,NULL,NULL,NULL,NULL,NULL,NULL,NULL,NULL,NULL,NULL,NULL,NULL,NULL,NULL,NULL,NULL,NULL,4,NULL,NULL,NULL,NULL,NULL,NULL,NULL,NULL,NULL,NULL,NULL,NULL,NULL,NULL,NULL,NULL,NULL,NULL,NULL,NULL,NULL,NULL,NULL,NULL,NULL,NULL,NULL,NULL,NULL,NULL,NULL,NULL,NULL,NULL,NULL,NULL,NULL,NULL,NULL),('TO9V','JATI SAMPURNA 2',NULL,NULL,NULL,NULL,NULL,NULL,NULL,NULL,NULL,NULL,NULL,NULL,NULL,NULL,NULL,NULL,NULL,NULL,NULL,NULL,NULL,NULL,NULL,4,NULL,NULL,NULL,NULL,NULL,NULL,NULL,NULL,NULL,NULL,NULL,NULL,NULL,NULL,NULL,NULL,NULL,NULL,NULL,NULL,NULL,NULL,NULL,NULL,NULL,NULL,NULL,NULL,NULL,NULL,NULL,NULL,NULL,NULL,NULL,NULL,NULL,NULL,NULL),('TOF0','SENKOM PARIS',NULL,NULL,NULL,NULL,NULL,NULL,NULL,NULL,NULL,NULL,NULL,NULL,NULL,NULL,NULL,NULL,NULL,NULL,NULL,NULL,NULL,NULL,NULL,4,NULL,NULL,NULL,NULL,NULL,NULL,NULL,NULL,NULL,NULL,NULL,NULL,NULL,NULL,NULL,NULL,NULL,NULL,NULL,NULL,NULL,NULL,NULL,NULL,NULL,NULL,NULL,NULL,NULL,NULL,NULL,NULL,NULL,NULL,NULL,NULL,NULL,NULL,NULL),('TOZN','CONCORDIA KOTA WISATA/000',NULL,NULL,NULL,NULL,NULL,NULL,NULL,NULL,NULL,NULL,NULL,NULL,NULL,NULL,NULL,NULL,NULL,NULL,NULL,NULL,NULL,NULL,NULL,4,NULL,NULL,NULL,NULL,NULL,NULL,NULL,NULL,NULL,NULL,NULL,NULL,NULL,NULL,NULL,NULL,NULL,NULL,NULL,NULL,NULL,NULL,NULL,NULL,NULL,NULL,NULL,NULL,NULL,NULL,NULL,NULL,NULL,NULL,NULL,NULL,NULL,NULL,NULL),('TP08','LEUWINUTUG',NULL,NULL,NULL,NULL,NULL,NULL,NULL,NULL,NULL,NULL,NULL,NULL,NULL,NULL,NULL,NULL,NULL,NULL,NULL,NULL,NULL,NULL,NULL,4,NULL,NULL,NULL,NULL,NULL,NULL,NULL,NULL,NULL,NULL,NULL,NULL,NULL,NULL,NULL,NULL,NULL,NULL,NULL,NULL,NULL,NULL,NULL,NULL,NULL,NULL,NULL,NULL,NULL,NULL,NULL,NULL,NULL,NULL,NULL,NULL,NULL,NULL,NULL),('TP14','IDM CIPAYUNG',NULL,NULL,NULL,NULL,NULL,NULL,NULL,NULL,NULL,NULL,NULL,NULL,NULL,NULL,NULL,NULL,NULL,NULL,NULL,NULL,NULL,NULL,NULL,4,NULL,NULL,NULL,NULL,NULL,NULL,NULL,NULL,NULL,NULL,NULL,NULL,NULL,NULL,NULL,NULL,NULL,NULL,NULL,NULL,NULL,NULL,NULL,NULL,NULL,NULL,NULL,NULL,NULL,NULL,NULL,NULL,NULL,NULL,NULL,NULL,NULL,NULL,NULL),('TP31','IDM BUMI SENTOSA',NULL,NULL,NULL,NULL,NULL,NULL,NULL,NULL,NULL,NULL,NULL,NULL,NULL,NULL,NULL,NULL,NULL,NULL,NULL,NULL,NULL,NULL,NULL,4,NULL,NULL,NULL,NULL,NULL,NULL,NULL,NULL,NULL,NULL,NULL,NULL,NULL,NULL,NULL,NULL,NULL,NULL,NULL,NULL,NULL,NULL,NULL,NULL,NULL,NULL,NULL,NULL,NULL,NULL,NULL,NULL,NULL,NULL,NULL,NULL,NULL,NULL,NULL),('TP64','IDM CIKEAS',NULL,NULL,NULL,NULL,NULL,NULL,NULL,NULL,NULL,NULL,NULL,NULL,NULL,NULL,NULL,NULL,NULL,NULL,NULL,NULL,NULL,NULL,NULL,4,NULL,NULL,NULL,NULL,NULL,NULL,NULL,NULL,NULL,NULL,NULL,NULL,NULL,NULL,NULL,NULL,NULL,NULL,NULL,NULL,NULL,NULL,NULL,NULL,NULL,NULL,NULL,NULL,NULL,NULL,NULL,NULL,NULL,NULL,NULL,NULL,NULL,NULL,NULL),('TPE9','KRANGGAN PERMAI II',NULL,NULL,NULL,NULL,NULL,NULL,NULL,NULL,NULL,NULL,NULL,NULL,NULL,NULL,NULL,NULL,NULL,NULL,NULL,NULL,NULL,NULL,NULL,4,NULL,NULL,NULL,NULL,NULL,NULL,NULL,NULL,NULL,NULL,NULL,NULL,NULL,NULL,NULL,NULL,NULL,NULL,NULL,NULL,NULL,NULL,NULL,NULL,NULL,NULL,NULL,NULL,NULL,NULL,NULL,NULL,NULL,NULL,NULL,NULL,NULL,NULL,NULL),('TQQ3','BOJONG NANGKA',NULL,NULL,NULL,NULL,NULL,NULL,NULL,NULL,NULL,NULL,NULL,NULL,NULL,NULL,NULL,NULL,NULL,NULL,NULL,NULL,NULL,NULL,NULL,4,NULL,NULL,NULL,NULL,NULL,NULL,NULL,NULL,NULL,NULL,NULL,NULL,NULL,NULL,NULL,NULL,NULL,NULL,NULL,NULL,NULL,NULL,NULL,NULL,NULL,NULL,NULL,NULL,NULL,NULL,NULL,NULL,NULL,NULL,NULL,NULL,NULL,NULL,NULL),('TR06','MARGONDA 22 D/000',NULL,NULL,NULL,NULL,NULL,NULL,NULL,NULL,NULL,NULL,NULL,NULL,NULL,NULL,NULL,NULL,NULL,NULL,NULL,NULL,NULL,NULL,NULL,4,NULL,NULL,NULL,NULL,NULL,NULL,NULL,NULL,NULL,NULL,NULL,NULL,NULL,NULL,NULL,NULL,NULL,NULL,NULL,NULL,NULL,NULL,NULL,NULL,NULL,NULL,NULL,NULL,NULL,NULL,NULL,NULL,NULL,NULL,NULL,NULL,NULL,NULL,NULL),('TR25','PLUS AKSES UI 5/000',NULL,NULL,NULL,NULL,NULL,NULL,NULL,NULL,NULL,NULL,NULL,NULL,NULL,NULL,NULL,NULL,NULL,NULL,NULL,NULL,NULL,NULL,NULL,4,NULL,NULL,NULL,NULL,NULL,NULL,NULL,NULL,NULL,NULL,NULL,NULL,NULL,NULL,NULL,NULL,NULL,NULL,NULL,NULL,NULL,NULL,NULL,NULL,NULL,NULL,NULL,NULL,NULL,NULL,NULL,NULL,NULL,NULL,NULL,NULL,NULL,NULL,NULL),('TS1D','GDC DE VALERIAN/000',NULL,NULL,NULL,NULL,NULL,NULL,NULL,NULL,NULL,NULL,NULL,NULL,NULL,NULL,NULL,NULL,NULL,NULL,NULL,NULL,NULL,NULL,NULL,4,NULL,NULL,NULL,NULL,NULL,NULL,NULL,NULL,NULL,NULL,NULL,NULL,NULL,NULL,NULL,NULL,NULL,NULL,NULL,NULL,NULL,NULL,NULL,NULL,NULL,NULL,NULL,NULL,NULL,NULL,NULL,NULL,NULL,NULL,NULL,NULL,NULL,NULL,NULL),('TS38','GRAND DEPOK CITY/000',NULL,NULL,NULL,NULL,NULL,NULL,NULL,NULL,NULL,NULL,NULL,NULL,NULL,NULL,NULL,NULL,NULL,NULL,NULL,NULL,NULL,NULL,NULL,4,NULL,NULL,NULL,NULL,NULL,NULL,NULL,NULL,NULL,NULL,NULL,NULL,NULL,NULL,NULL,NULL,NULL,NULL,NULL,NULL,NULL,NULL,NULL,NULL,NULL,NULL,NULL,NULL,NULL,NULL,NULL,NULL,NULL,NULL,NULL,NULL,NULL,NULL,NULL),('TS40','IDM NAROGONG KEMBANG KUNING',NULL,NULL,NULL,NULL,NULL,NULL,NULL,NULL,NULL,NULL,NULL,NULL,NULL,NULL,NULL,NULL,NULL,NULL,NULL,NULL,NULL,NULL,NULL,4,NULL,NULL,NULL,NULL,NULL,NULL,NULL,NULL,NULL,NULL,NULL,NULL,NULL,NULL,NULL,NULL,NULL,NULL,NULL,NULL,NULL,NULL,NULL,NULL,NULL,NULL,NULL,NULL,NULL,NULL,NULL,NULL,NULL,NULL,NULL,NULL,NULL,NULL,NULL),('TS77','IDM FLORIDA KOTA WISATA',NULL,NULL,NULL,NULL,NULL,NULL,NULL,NULL,NULL,NULL,NULL,NULL,NULL,NULL,NULL,NULL,NULL,NULL,NULL,NULL,NULL,NULL,NULL,4,NULL,NULL,NULL,NULL,NULL,NULL,NULL,NULL,NULL,NULL,NULL,NULL,NULL,NULL,NULL,NULL,NULL,NULL,NULL,NULL,NULL,NULL,NULL,NULL,NULL,NULL,NULL,NULL,NULL,NULL,NULL,NULL,NULL,NULL,NULL,NULL,NULL,NULL,NULL),('TSS7','GRAHA KARTIKA PRATAMA',NULL,NULL,NULL,NULL,NULL,NULL,NULL,NULL,NULL,NULL,NULL,NULL,NULL,NULL,NULL,NULL,NULL,NULL,NULL,NULL,NULL,NULL,NULL,4,NULL,NULL,NULL,NULL,NULL,NULL,NULL,NULL,NULL,NULL,NULL,NULL,NULL,NULL,NULL,NULL,NULL,NULL,NULL,NULL,NULL,NULL,NULL,NULL,NULL,NULL,NULL,NULL,NULL,NULL,NULL,NULL,NULL,NULL,NULL,NULL,NULL,NULL,NULL),('TSSE','IDM GRAHA KARTIKA  PRATAMA 2',NULL,NULL,NULL,NULL,NULL,NULL,NULL,NULL,NULL,NULL,NULL,NULL,NULL,NULL,NULL,NULL,NULL,NULL,NULL,NULL,NULL,NULL,NULL,4,NULL,NULL,NULL,NULL,NULL,NULL,NULL,NULL,NULL,NULL,NULL,NULL,NULL,NULL,NULL,NULL,NULL,NULL,NULL,NULL,NULL,NULL,NULL,NULL,NULL,NULL,NULL,NULL,NULL,NULL,NULL,NULL,NULL,NULL,NULL,NULL,NULL,NULL,NULL),('TTVL','IDM CIBUBUR COUNTRY ',NULL,NULL,NULL,NULL,NULL,NULL,NULL,NULL,NULL,NULL,NULL,NULL,NULL,NULL,NULL,NULL,NULL,NULL,NULL,NULL,NULL,NULL,NULL,4,NULL,NULL,NULL,NULL,NULL,NULL,NULL,NULL,NULL,NULL,NULL,NULL,NULL,NULL,NULL,NULL,NULL,NULL,NULL,NULL,NULL,NULL,NULL,NULL,NULL,NULL,NULL,NULL,NULL,NULL,NULL,NULL,NULL,NULL,NULL,NULL,NULL,NULL,NULL),('TV20','KEBAHAGIAAN RAYA/000',NULL,NULL,NULL,NULL,NULL,NULL,NULL,NULL,NULL,NULL,NULL,NULL,NULL,NULL,NULL,NULL,NULL,NULL,NULL,NULL,NULL,NULL,NULL,4,NULL,NULL,NULL,NULL,NULL,NULL,NULL,NULL,NULL,NULL,NULL,NULL,NULL,NULL,NULL,NULL,NULL,NULL,NULL,NULL,NULL,NULL,NULL,NULL,NULL,NULL,NULL,NULL,NULL,NULL,NULL,NULL,NULL,NULL,NULL,NULL,NULL,NULL,NULL),('TW29','GUNUNG PUTRI SELATAN',NULL,NULL,NULL,NULL,NULL,NULL,NULL,NULL,NULL,NULL,NULL,NULL,NULL,NULL,NULL,NULL,NULL,NULL,NULL,NULL,NULL,NULL,NULL,4,NULL,NULL,NULL,NULL,NULL,NULL,NULL,NULL,NULL,NULL,NULL,NULL,NULL,NULL,NULL,NULL,NULL,NULL,NULL,NULL,NULL,NULL,NULL,NULL,NULL,NULL,NULL,NULL,NULL,NULL,NULL,NULL,NULL,NULL,NULL,NULL,NULL,NULL,NULL),('TXH5','IDM ALTERNATIF KOTA WISATA',NULL,NULL,NULL,NULL,NULL,NULL,NULL,NULL,NULL,NULL,NULL,NULL,NULL,NULL,NULL,NULL,NULL,NULL,NULL,NULL,NULL,NULL,NULL,4,NULL,NULL,NULL,NULL,NULL,NULL,NULL,NULL,NULL,NULL,NULL,NULL,NULL,NULL,NULL,NULL,NULL,NULL,NULL,NULL,NULL,NULL,NULL,NULL,NULL,NULL,NULL,NULL,NULL,NULL,NULL,NULL,NULL,NULL,NULL,NULL,NULL,NULL,NULL);

/*Table structure for table `ikiosk_error` */

DROP TABLE IF EXISTS `ikiosk_error`;

CREATE TABLE `ikiosk_error` (
  `recid` varchar(1) DEFAULT NULL,
  `kdtk` varchar(4) NOT NULL,
  `nama` varchar(50) DEFAULT NULL,
  `status` varchar(10) DEFAULT NULL,
  `keter` varchar(50) DEFAULT NULL,
  `tanggal` date NOT NULL,
  `jam` time DEFAULT NULL,
  `shift` int(11) NOT NULL,
  `pic` varchar(20) NOT NULL,
  PRIMARY KEY (`kdtk`,`tanggal`,`shift`,`pic`)
) ENGINE=InnoDB DEFAULT CHARSET=latin1;

/*Data for the table `ikiosk_error` */

/*Table structure for table `ikiosk_hr_201608` */

DROP TABLE IF EXISTS `ikiosk_hr_201608`;

CREATE TABLE `ikiosk_hr_201608` (
  `recid` varchar(1) DEFAULT NULL,
  `kdtk` varchar(4) NOT NULL,
  `nama` varchar(50) DEFAULT NULL,
  `ip_ikiosk` varchar(20) DEFAULT NULL,
  `keter` varchar(50) DEFAULT NULL,
  `tanggal` date NOT NULL,
  `jam` time DEFAULT NULL,
  `shift` int(11) NOT NULL,
  `pic` varchar(20) NOT NULL,
  PRIMARY KEY (`kdtk`,`tanggal`,`shift`,`pic`)
) ENGINE=InnoDB DEFAULT CHARSET=latin1;

/*Data for the table `ikiosk_hr_201608` */

insert  into `ikiosk_hr_201608`(`recid`,`kdtk`,`nama`,`ip_ikiosk`,`keter`,`tanggal`,`jam`,`shift`,`pic`) values ('2','1233','TES','1234',NULL,'2016-08-12','15:11:33',2,'WAHYU'),('4','F42B','KEJAYAAN RAYA/000','10.65.6.228','aa','2016-08-12','15:10:48',2,'WAHYU'),('5','FUQT','SIMPANG AURI/000','10.65.32.68','ya','2016-08-12','15:11:04',2,'WAHYU'),('4','T03J','SIMPANG AURI/000','10.65.29.234','bb','2016-08-12','15:11:13',2,'WAHYU'),('4','T04K','CITRA INDAH TOWN SQUARE','10.65.58.229',NULL,'2016-08-12','15:11:33',2,'WAHYU'),('4','T1VU','SEMKOM AMSTERDAM','10.65.63.68','','2016-08-12','15:11:29',2,'WAHYU'),('4','T20G','CITRA GRAND 3/000','10.65.84.3',NULL,'2016-08-12','15:11:33',2,'WAHYU'),('4','T218','A.R.H. DEPOK/000','10.65.27.101',NULL,'2016-08-12','15:11:33',2,'WAHYU'),('4','T21J','AKSES UI 3/000','10.65.33.100',NULL,'2016-08-12','15:11:33',2,'WAHYU'),('4','T22K','TOLE ISKANDAR  5/000','10.65.67.227',NULL,'2016-08-12','15:11:33',2,'WAHYU'),('4','T25J','SENTOSA 2/000','10.65.16.197',NULL,'2016-08-12','15:11:33',2,'WAHYU'),('4','T27J','MARGONDA 198/000','10.65.28.101',NULL,'2016-08-12','15:11:33',2,'WAHYU'),('4','T3AK','PEKAPURAN  2/000','10.65.8.132',NULL,'2016-08-12','15:11:33',2,'WAHYU'),('4','T3VW','RTM TUGU INDAH/000','10.65.28.228',NULL,'2016-08-12','15:11:33',2,'WAHYU'),('4','T46J','HANKAM-KRANGGAN','10.65.50.196',NULL,'2016-08-12','15:11:33',2,'WAHYU'),('4','T52K','LAFRAN PANE/000','10.65.20.164',NULL,'2016-08-12','15:11:33',2,'WAHYU'),('4','T7OI','GRIYA PERSADA','10.65.146.100',NULL,'2016-08-12','15:11:33',2,'WAHYU'),('4','T93D','RAYA BOGOR KM 40','10.65.150.132',NULL,'2016-08-12','15:11:33',2,'WAHYU'),('4','TA5P','IDM CIKARET','10.65.152.36',NULL,'2016-08-12','15:11:33',2,'WAHYU'),('4','TAD1','METLAND TRANSYOGI','10.65.57.228',NULL,'2016-08-12','15:11:33',2,'WAHYU'),('4','TB72','MARGONDA RESIDENCE/000','10.65.21.233',NULL,'2016-08-12','15:11:33',2,'WAHYU'),('4','TC2F','ALTERNATIF CIBUBUR/000','10.65.48.115',NULL,'2016-08-12','15:11:33',2,'WAHYU'),('4','TC7K','CIBINONG CITY CENTER','10.65.151.165',NULL,'2016-08-12','15:11:33',2,'WAHYU'),('4','TE6C','IDM FRESH MARKET','10.65.63.229',NULL,'2016-08-12','15:11:33',2,'WAHYU'),('4','TF0F','POINT SENTRA MEDIKA CIBINONG','10.65.149.5',NULL,'2016-08-12','15:11:33',2,'WAHYU'),('4','TFYD','MARGONDA/000','10.65.21.36',NULL,'2016-08-12','15:11:33',2,'WAHYU'),('4','TG9G','ALTERNATIF PEMDA','10.65.151.133',NULL,'2016-08-12','15:11:33',2,'WAHYU'),('4','TGGO','TOLE ISKANDAR II/000','10.65.25.234',NULL,'2016-08-12','15:11:33',2,'WAHYU'),('4','THBG','KRANGGAN/000','-',NULL,'2016-08-12','15:11:33',2,'WAHYU'),('4','TJ44','CITRA GRAND','10.65.48.37',NULL,'2016-08-12','15:11:33',2,'WAHYU'),('4','TJ49','MARGONDA 7A/000','10.65.26.233',NULL,'2016-08-12','15:11:33',2,'WAHYU'),('4','TJ97','AKSES UI  2/000','10.65.33.37',NULL,'2016-08-12','15:11:33',2,'WAHYU'),('4','TK78','Wijaya Kusuma','10.65.45.69',NULL,'2016-08-12','15:11:33',2,'WAHYU'),('4','TKZ1','BOULEVARD CIMANGGIS/000','10.65.163.101',NULL,'2016-08-12','15:11:33',2,'WAHYU'),('4','TL74','PAHYANGAN RAWA DOLAR','10.65.50.233',NULL,'2016-08-12','15:11:33',2,'WAHYU'),('4','TL81','NUSANTARA DEPOK/000','10.65.28.164',NULL,'2016-08-12','15:11:33',2,'WAHYU'),('4','TLHS','IDF SUKAHATI ex F205','10.65.154.100',NULL,'2016-08-12','15:11:33',2,'WAHYU'),('4','TO9V','JATI SAMPURNA 2','10.65.49.196',NULL,'2016-08-12','15:11:33',2,'WAHYU'),('4','TOF0','SENKOM PARIS','10.65.64.4',NULL,'2016-08-12','15:11:33',2,'WAHYU'),('4','TOZN','CONCORDIA KOTA WISATA/000','10.65.64.68',NULL,'2016-08-12','15:11:33',2,'WAHYU'),('4','TP08','LEUWINUTUG','10.65.5.36',NULL,'2016-08-12','15:11:33',2,'WAHYU'),('4','TP14','IDM CIPAYUNG','10.65.152.100',NULL,'2016-08-12','15:11:33',2,'WAHYU'),('4','TP31','IDM BUMI SENTOSA','10.65.5.132',NULL,'2016-08-12','15:11:33',2,'WAHYU'),('4','TP64','IDM CIKEAS','10.65.84.163',NULL,'2016-08-12','15:11:33',2,'WAHYU'),('4','TPE9','KRANGGAN PERMAI II','10.65.49.68',NULL,'2016-08-12','15:11:33',2,'WAHYU'),('4','TQQ3','BOJONG NANGKA','10.65.163.228',NULL,'2016-08-12','15:11:33',2,'WAHYU'),('4','TR06','MARGONDA 22 D/000','10.65.20.132',NULL,'2016-08-12','15:11:33',2,'WAHYU'),('4','TR25','PLUS AKSES UI 5/000','10.65.33.165',NULL,'2016-08-12','15:11:33',2,'WAHYU'),('4','TS1D','GDC DE VALERIAN/000','10.65.22.4',NULL,'2016-08-12','15:11:33',2,'WAHYU'),('4','TS38','GRAND DEPOK CITY/000','10.65.14.100',NULL,'2016-08-12','15:11:33',2,'WAHYU'),('4','TS40','IDM NAROGONG KEMBANG KUNING','10.65.52.100',NULL,'2016-08-12','15:11:33',2,'WAHYU'),('4','TS77','IDM FLORIDA KOTA WISATA','10.65.55.5',NULL,'2016-08-12','15:11:33',2,'WAHYU'),('4','TSS7','GRAHA KARTIKA PRATAMA','10.65.155.5',NULL,'2016-08-12','15:11:33',2,'WAHYU'),('4','TSSE','IDM GRAHA KARTIKA  PRATAMA 2','10.65.155.69',NULL,'2016-08-12','15:11:33',2,'WAHYU'),('4','TTVL','IDM CIBUBUR COUNTRY ','10.65.54.132',NULL,'2016-08-12','15:11:33',2,'WAHYU'),('4','TV20','KEBAHAGIAAN RAYA/000','10.65.69.3',NULL,'2016-08-12','15:11:33',2,'WAHYU'),('4','TW29','GUNUNG PUTRI SELATAN','10.65.146.196',NULL,'2016-08-12','15:11:33',2,'WAHYU'),('4','TXH5','IDM ALTERNATIF KOTA WISATA','10.65.54.228',NULL,'2016-08-12','15:11:33',2,'WAHYU');

/*Table structure for table `ikiosk_hr_temp` */

DROP TABLE IF EXISTS `ikiosk_hr_temp`;

CREATE TABLE `ikiosk_hr_temp` (
  `recid` varchar(1) DEFAULT NULL,
  `kdtk` varchar(4) NOT NULL,
  `nama` varchar(50) DEFAULT NULL,
  `ip_ikiosk` varchar(20) DEFAULT NULL,
  `keter` varchar(50) DEFAULT NULL,
  `tanggal` date NOT NULL,
  `jam` time DEFAULT NULL,
  `shift` int(11) NOT NULL,
  `pic` varchar(20) NOT NULL,
  PRIMARY KEY (`kdtk`,`tanggal`,`shift`,`pic`)
) ENGINE=InnoDB DEFAULT CHARSET=latin1;

/*Data for the table `ikiosk_hr_temp` */

insert  into `ikiosk_hr_temp`(`recid`,`kdtk`,`nama`,`ip_ikiosk`,`keter`,`tanggal`,`jam`,`shift`,`pic`) values ('2','1233','TES','1234','SEDANG RUSAK','2016-08-12','23:33:06',2,'WAHYU'),('4','F42B','KEJAYAAN RAYA/000','10.65.6.228',NULL,'2016-08-12','23:33:06',2,'WAHYU'),('4','FUQT','SIMPANG AURI/000','10.65.32.68',NULL,'2016-08-12','23:33:06',2,'WAHYU'),('4','T03J','SIMPANG AURI/000','10.65.29.234',NULL,'2016-08-12','23:33:06',2,'WAHYU'),('4','T04K','CITRA INDAH TOWN SQUARE','10.65.58.229',NULL,'2016-08-12','23:33:06',2,'WAHYU'),('4','T1VU','SEMKOM AMSTERDAM','10.65.63.68',NULL,'2016-08-12','23:33:06',2,'WAHYU'),('4','T20G','CITRA GRAND 3/000','10.65.84.3',NULL,'2016-08-12','23:33:06',2,'WAHYU'),('4','T218','A.R.H. DEPOK/000','10.65.27.101',NULL,'2016-08-12','23:33:06',2,'WAHYU'),('4','T21J','AKSES UI 3/000','10.65.33.100',NULL,'2016-08-12','23:33:06',2,'WAHYU'),('4','T22K','TOLE ISKANDAR  5/000','10.65.67.227',NULL,'2016-08-12','23:33:06',2,'WAHYU'),('4','T25J','SENTOSA 2/000','10.65.16.197',NULL,'2016-08-12','23:33:06',2,'WAHYU'),('4','T27J','MARGONDA 198/000','10.65.28.101',NULL,'2016-08-12','23:33:06',2,'WAHYU'),('4','T3AK','PEKAPURAN  2/000','10.65.8.132',NULL,'2016-08-12','23:33:06',2,'WAHYU'),('4','T3VW','RTM TUGU INDAH/000','10.65.28.228',NULL,'2016-08-12','23:33:06',2,'WAHYU'),('4','T46J','HANKAM-KRANGGAN','10.65.50.196',NULL,'2016-08-12','23:33:06',2,'WAHYU'),('4','T52K','LAFRAN PANE/000','10.65.20.164',NULL,'2016-08-12','23:33:06',2,'WAHYU'),('4','T7OI','GRIYA PERSADA','10.65.146.100',NULL,'2016-08-12','23:33:06',2,'WAHYU'),('4','T93D','RAYA BOGOR KM 40','10.65.150.132',NULL,'2016-08-12','23:33:06',2,'WAHYU'),('4','TA5P','IDM CIKARET','10.65.152.36',NULL,'2016-08-12','23:33:06',2,'WAHYU'),('4','TAD1','METLAND TRANSYOGI','10.65.57.228',NULL,'2016-08-12','23:33:06',2,'WAHYU'),('4','TB72','MARGONDA RESIDENCE/000','10.65.21.233',NULL,'2016-08-12','23:33:06',2,'WAHYU'),('4','TC2F','ALTERNATIF CIBUBUR/000','10.65.48.115',NULL,'2016-08-12','23:33:06',2,'WAHYU'),('4','TC7K','CIBINONG CITY CENTER','10.65.151.165',NULL,'2016-08-12','23:33:06',2,'WAHYU'),('4','TE6C','IDM FRESH MARKET','10.65.63.229',NULL,'2016-08-12','23:33:06',2,'WAHYU'),('4','TF0F','POINT SENTRA MEDIKA CIBINONG','10.65.149.5',NULL,'2016-08-12','23:33:06',2,'WAHYU'),('4','TFYD','MARGONDA/000','10.65.21.36',NULL,'2016-08-12','23:33:06',2,'WAHYU'),('4','TG9G','ALTERNATIF PEMDA','10.65.151.133',NULL,'2016-08-12','23:33:06',2,'WAHYU'),('4','TGGO','TOLE ISKANDAR II/000','10.65.25.234',NULL,'2016-08-12','23:33:06',2,'WAHYU'),('4','THBG','KRANGGAN/000','-',NULL,'2016-08-12','23:33:06',2,'WAHYU'),('4','TJ44','CITRA GRAND','10.65.48.37',NULL,'2016-08-12','23:33:06',2,'WAHYU'),('4','TJ49','MARGONDA 7A/000','10.65.26.233',NULL,'2016-08-12','23:33:06',2,'WAHYU'),('4','TJ97','AKSES UI  2/000','10.65.33.37',NULL,'2016-08-12','23:33:06',2,'WAHYU'),('4','TK78','Wijaya Kusuma','10.65.45.69',NULL,'2016-08-12','23:33:06',2,'WAHYU'),('4','TKZ1','BOULEVARD CIMANGGIS/000','10.65.163.101',NULL,'2016-08-12','23:33:06',2,'WAHYU'),('4','TL74','PAHYANGAN RAWA DOLAR','10.65.50.233',NULL,'2016-08-12','23:33:06',2,'WAHYU'),('4','TL81','NUSANTARA DEPOK/000','10.65.28.164',NULL,'2016-08-12','23:33:06',2,'WAHYU'),('4','TLHS','IDF SUKAHATI ex F205','10.65.154.100',NULL,'2016-08-12','23:33:06',2,'WAHYU'),('4','TO9V','JATI SAMPURNA 2','10.65.49.196',NULL,'2016-08-12','23:33:06',2,'WAHYU'),('4','TOF0','SENKOM PARIS','10.65.64.4','MONITOR RUSAK DAN SEDANG DISERVIC','2016-08-12','23:33:06',2,'WAHYU'),('4','TOZN','CONCORDIA KOTA WISATA/000','10.65.64.68',NULL,'2016-08-12','23:33:06',2,'WAHYU'),('4','TP08','LEUWINUTUG','10.65.5.36',NULL,'2016-08-12','23:33:06',2,'WAHYU'),('4','TP14','IDM CIPAYUNG','10.65.152.100',NULL,'2016-08-12','23:33:06',2,'WAHYU'),('4','TP31','IDM BUMI SENTOSA','10.65.5.132',NULL,'2016-08-12','23:33:06',2,'WAHYU'),('4','TP64','IDM CIKEAS','10.65.84.163',NULL,'2016-08-12','23:33:06',2,'WAHYU'),('4','TPE9','KRANGGAN PERMAI II','10.65.49.68',NULL,'2016-08-12','23:33:06',2,'WAHYU'),('4','TQQ3','BOJONG NANGKA','10.65.163.228',NULL,'2016-08-12','23:33:06',2,'WAHYU'),('4','TR06','MARGONDA 22 D/000','10.65.20.132',NULL,'2016-08-12','23:33:06',2,'WAHYU'),('4','TR25','PLUS AKSES UI 5/000','10.65.33.165',NULL,'2016-08-12','23:33:06',2,'WAHYU'),('4','TS1D','GDC DE VALERIAN/000','10.65.22.4',NULL,'2016-08-12','23:33:06',2,'WAHYU'),('4','TS38','GRAND DEPOK CITY/000','10.65.14.100',NULL,'2016-08-12','23:33:06',2,'WAHYU'),('4','TS40','IDM NAROGONG KEMBANG KUNING','10.65.52.100',NULL,'2016-08-12','23:33:06',2,'WAHYU'),('4','TS77','IDM FLORIDA KOTA WISATA','10.65.55.5',NULL,'2016-08-12','23:33:06',2,'WAHYU'),('4','TSS7','GRAHA KARTIKA PRATAMA','10.65.155.5',NULL,'2016-08-12','23:33:06',2,'WAHYU'),('4','TSSE','IDM GRAHA KARTIKA  PRATAMA 2','10.65.155.69',NULL,'2016-08-12','23:33:06',2,'WAHYU'),('4','TTVL','IDM CIBUBUR COUNTRY ','10.65.54.132',NULL,'2016-08-12','23:33:06',2,'WAHYU'),('4','TV20','KEBAHAGIAAN RAYA/000','10.65.69.3',NULL,'2016-08-12','23:33:06',2,'WAHYU'),('4','TW29','GUNUNG PUTRI SELATAN','10.65.146.196',NULL,'2016-08-12','23:33:06',2,'WAHYU'),('4','TXH5','IDM ALTERNATIF KOTA WISATA','10.65.54.228',NULL,'2016-08-12','23:33:06',2,'WAHYU');

/*Table structure for table `ikiosk_mst` */

DROP TABLE IF EXISTS `ikiosk_mst`;

CREATE TABLE `ikiosk_mst` (
  `recid` varchar(1) DEFAULT NULL,
  `kdtk` varchar(4) NOT NULL DEFAULT '',
  `nama` varchar(50) DEFAULT NULL,
  `ip_induk` varchar(30) DEFAULT NULL,
  `ip_ikiosk` varchar(30) DEFAULT NULL,
  `keter` varchar(100) DEFAULT NULL,
  `tanggal` date DEFAULT NULL,
  PRIMARY KEY (`kdtk`)
) ENGINE=InnoDB DEFAULT CHARSET=latin1;

/*Data for the table `ikiosk_mst` */

insert  into `ikiosk_mst`(`recid`,`kdtk`,`nama`,`ip_induk`,`ip_ikiosk`,`keter`,`tanggal`) values ('2','1233','TES','1234','1234','SEDANG RUSAK','2016-08-12'),('1','F42B','KEJAYAAN RAYA/000','10.65.6.226','10.65.6.228',NULL,NULL),('1','FUQT','SIMPANG AURI/000','10.65.32.66','10.65.32.68',NULL,NULL),('1','T03J','SIMPANG AURI/000','10.65.29.231','10.65.29.234',NULL,NULL),('1','T04K','CITRA INDAH TOWN SQUARE','10.65.58.226','10.65.58.229',NULL,NULL),('1','T1VU','SEMKOM AMSTERDAM','10.65.63.66','10.65.63.68',NULL,NULL),('1','T20G','CITRA GRAND 3/000','10.65.79.226','10.65.84.3',NULL,NULL),('1','T218','A.R.H. DEPOK/000','10.65.27.98','10.65.27.101',NULL,NULL),('1','T21J','AKSES UI 3/000','10.65.33.98','10.65.33.100',NULL,NULL),('1','T22K','TOLE ISKANDAR  5/000','10.65.67.225','10.65.67.227',NULL,NULL),('1','T25J','SENTOSA 2/000','10.65.16.194','10.65.16.197',NULL,NULL),('1','T27J','MARGONDA 198/000','10.65.28.98','10.65.28.101',NULL,NULL),('1','T3AK','PEKAPURAN  2/000','10.65.8.130','10.65.8.132',NULL,NULL),('1','T3VW','RTM TUGU INDAH/000','10.65.28.226','10.65.28.228',NULL,NULL),('1','T46J','HANKAM-KRANGGAN','10.65.50.194','10.65.50.196',NULL,NULL),('1','T52K','LAFRAN PANE/000','10.65.20.162','10.65.20.164',NULL,NULL),('1','T7OI','GRIYA PERSADA','10.65.146.98','10.65.146.100',NULL,NULL),('1','T93D','RAYA BOGOR KM 40','10.65.150.130','10.65.150.132',NULL,NULL),('1','TA5P','IDM CIKARET','10.65.152.34','10.65.152.36',NULL,NULL),('1','TAD1','METLAND TRANSYOGI','10.65.57.226','10.65.57.228',NULL,NULL),('1','TB72','MARGONDA RESIDENCE/000','10.65.21.231','10.65.21.233',NULL,NULL),('1','TC2F','ALTERNATIF CIBUBUR/000','10.65.48.100','10.65.48.115',NULL,NULL),('1','TC7K','CIBINONG CITY CENTER','10.65.151.162','10.65.151.165',NULL,NULL),('1','TE6C','IDM FRESH MARKET','10.65.63.226','10.65.63.229',NULL,NULL),('1','TF0F','POINT SENTRA MEDIKA CIBINONG','10.65.149.2','10.65.149.5',NULL,NULL),('1','TFYD','MARGONDA/000','10.65.21.34','10.65.21.36',NULL,NULL),('1','TG9G','ALTERNATIF PEMDA','10.65.151.130','10.65.151.133',NULL,NULL),('1','TGGO','TOLE ISKANDAR II/000','10.65.25.231','10.65.25.234',NULL,NULL),('1','THBG','KRANGGAN/000','10.65.48.232','-',NULL,NULL),('1','TJ44','CITRA GRAND','10.65.48.34','10.65.48.37',NULL,NULL),('1','TJ49','MARGONDA 7A/000','10.65.26.231','10.65.26.233',NULL,NULL),('1','TJ97','AKSES UI  2/000','10.65.33.34','10.65.33.37',NULL,NULL),('1','TK78','Wijaya Kusuma','10.65.45.66','10.65.45.69',NULL,NULL),('1','TKZ1','BOULEVARD CIMANGGIS/000','10.65.163.98','10.65.163.101',NULL,NULL),('1','TL74','PAHYANGAN RAWA DOLAR','10.65.50.231','10.65.50.233',NULL,NULL),('1','TL81','NUSANTARA DEPOK/000','10.65.28.130','10.65.28.164',NULL,NULL),('1','TLHS','IDF SUKAHATI ex F205','10.65.154.98','10.65.154.100',NULL,NULL),('1','TO9V','JATI SAMPURNA 2','10.65.49.194','10.65.49.196',NULL,NULL),('1','TOF0','SENKOM PARIS','10.65.64.2','10.65.64.4','MONITOR RUSAK DAN SEDANG DISERVIC',NULL),('1','TOZN','CONCORDIA KOTA WISATA/000','10.65.64.66','10.65.64.68',NULL,NULL),('1','TP08','LEUWINUTUG','10.65.5.34','10.65.5.36',NULL,NULL),('1','TP14','IDM CIPAYUNG','10.65.152.98','10.65.152.100',NULL,NULL),('1','TP31','IDM BUMI SENTOSA','10.65.5.130','10.65.5.132',NULL,NULL),('1','TP64','IDM CIKEAS','10.65.84.161','10.65.84.163',NULL,NULL),('1','TPE9','KRANGGAN PERMAI II','10.65.49.66','10.65.49.68',NULL,NULL),('1','TQQ3','BOJONG NANGKA','10.65.163.226','10.65.163.228',NULL,NULL),('1','TR06','MARGONDA 22 D/000','10.65.20.130','10.65.20.132',NULL,NULL),('1','TR25','PLUS AKSES UI 5/000','10.65.33.162','10.65.33.165',NULL,NULL),('1','TS1D','GDC DE VALERIAN/000','10.65.22.2','10.65.22.4',NULL,NULL),('1','TS38','GRAND DEPOK CITY/000','10.65.14.98','10.65.14.100',NULL,NULL),('1','TS40','IDM NAROGONG KEMBANG KUNING','10.65.52.98','10.65.52.100',NULL,NULL),('1','TS77','IDM FLORIDA KOTA WISATA','10.65.55.2','10.65.55.5',NULL,NULL),('1','TSS7','GRAHA KARTIKA PRATAMA','10.65.155.2','10.65.155.5',NULL,NULL),('1','TSSE','IDM GRAHA KARTIKA  PRATAMA 2','10.65.155.66','10.65.155.69',NULL,NULL),('1','TTVL','IDM CIBUBUR COUNTRY ','10.65.54.130','10.65.54.132',NULL,NULL),('1','TV20','KEBAHAGIAAN RAYA/000','10.65.69.1','10.65.69.3',NULL,NULL),('1','TW29','GUNUNG PUTRI SELATAN','10.65.146.194','10.65.146.196',NULL,NULL),('1','TXH5','IDM ALTERNATIF KOTA WISATA','10.65.54.226','10.65.54.228',NULL,NULL);

/*Table structure for table `ikiosk_status` */

DROP TABLE IF EXISTS `ikiosk_status`;

CREATE TABLE `ikiosk_status` (
  `kd_status` varchar(1) NOT NULL,
  `nama_status` varchar(50) DEFAULT NULL,
  `tipe` varchar(10) DEFAULT NULL,
  PRIMARY KEY (`kd_status`)
) ENGINE=InnoDB DEFAULT CHARSET=latin1;

/*Data for the table `ikiosk_status` */

insert  into `ikiosk_status`(`kd_status`,`nama_status`,`tipe`) values ('1','Baik','ikiosk'),('2','Rusak','ikiosk'),('3','Tutup','ikiosk'),('4','Aktif','report'),('5','Tidak Aktif','report');

/*Table structure for table `user_login` */

DROP TABLE IF EXISTS `user_login`;

CREATE TABLE `user_login` (
  `nik` varchar(15) NOT NULL,
  `nama` varchar(50) DEFAULT NULL,
  `tingkatan` varchar(10) DEFAULT NULL,
  `pass` varchar(50) DEFAULT NULL,
  `status` int(1) DEFAULT NULL,
  PRIMARY KEY (`nik`)
) ENGINE=InnoDB DEFAULT CHARSET=latin1;

/*Data for the table `user_login` */

insert  into `user_login`(`nik`,`nama`,`tingkatan`,`pass`,`status`) values ('2011009171','NURDIN','ADMIN',NULL,1),('EDP','EDP BOGOR2','VISIT','VISIT',NULL),('VIRTUAL','VIRTUAL BOGOR 2','VISIT','VISIT',NULL),('WHY','WAHYU','ADMIN','123',NULL);

/*!40101 SET SQL_MODE=@OLD_SQL_MODE */;
/*!40014 SET FOREIGN_KEY_CHECKS=@OLD_FOREIGN_KEY_CHECKS */;
/*!40014 SET UNIQUE_CHECKS=@OLD_UNIQUE_CHECKS */;
/*!40111 SET SQL_NOTES=@OLD_SQL_NOTES */;
